Date,Traded Contract(Lots),Quantity (000's),Total Value (Lacs),Instrument Type
03-Oct-11,384,9.60,1773.14,FUTCOM
04-Oct-11,603,15.08,2782.83,FUTCOM
05-Oct-11,403,10.08,1850.26,FUTCOM
06-Oct-11,0,0.00,0.00,FUTCOM
07-Oct-11,192,4.80,884.20,FUTCOM
08-Oct-11,50,1.25,227.57,FUTCOM
10-Oct-11,411,10.28,1887.34,FUTCOM
11-Oct-11,263,6.58,1207.21,FUTCOM
12-Oct-11,605,15.13,2769.36,FUTCOM
13-Oct-11,524,13.10,2420.43,FUTCOM
14-Oct-11,274,6.85,1278.91,FUTCOM
15-Oct-11,152,3.80,698.76,FUTCOM
17-Oct-11,348,8.70,1594.68,FUTCOM
18-Oct-11,394,9.85,1811.00,FUTCOM
19-Oct-11,215,5.38,994.25,FUTCOM
20-Oct-11,252,6.30,1163.95,FUTCOM
21-Oct-11,265,6.63,1219.71,FUTCOM
22-Oct-11,177,4.43,809.46,FUTCOM
24-Oct-11,259,6.48,1188.25,FUTCOM
25-Oct-11,443,11.08,2047.15,FUTCOM
26-Oct-11,172,4.30,793.66,FUTCOM
27-Oct-11,309,7.73,1426.21,FUTCOM
28-Oct-11,310,7.75,1426.26,FUTCOM
29-Oct-11,423,10.58,1938.15,FUTCOM
31-Oct-11,409,10.23,1874.98,FUTCOM
01-Nov-11,700,17.50,3193.11,FUTCOM
02-Nov-11,494,12.35,2252.07,FUTCOM
03-Nov-11,568,14.20,2585.81,FUTCOM
04-Nov-11,422,10.55,1914.09,FUTCOM
05-Nov-11,364,9.10,1632.78,FUTCOM
07-Nov-11,0,0.00,0.00,FUTCOM
08-Nov-11,1061,26.53,4643.35,FUTCOM
09-Nov-11,1028,25.70,4514.54,FUTCOM
10-Nov-11,0,0.00,0.00,FUTCOM
11-Nov-11,733,18.33,3282.31,FUTCOM
12-Nov-11,193,4.83,859.58,FUTCOM
14-Nov-11,800,20.00,3494.28,FUTCOM
15-Nov-11,440,11.00,1934.83,FUTCOM
16-Nov-11,916,22.90,4071.97,FUTCOM
17-Nov-11,1142,28.55,5126.57,FUTCOM
18-Nov-11,678,16.95,3024.98,FUTCOM
19-Nov-11,1010,25.25,4418.99,FUTCOM
21-Nov-11,438,10.95,1919.50,FUTCOM
22-Nov-11,979,24.48,4250.41,FUTCOM
23-Nov-11,1024,25.60,4475.95,FUTCOM
24-Nov-11,557,13.93,2399.08,FUTCOM
25-Nov-11,1012,25.30,4374.30,FUTCOM
26-Nov-11,643,16.08,2703.90,FUTCOM
28-Nov-11,1381,34.53,5719.56,FUTCOM
29-Nov-11,1025,25.63,4259.89,FUTCOM
30-Nov-11,997,24.93,4160.88,FUTCOM
01-Dec-11,796,19.90,3360.11,FUTCOM
02-Dec-11,597,14.93,2513.24,FUTCOM
03-Dec-11,315,7.88,1316.53,FUTCOM
05-Dec-11,786,19.65,3310.96,FUTCOM
06-Dec-11,627,15.68,2645.21,FUTCOM
07-Dec-11,864,21.60,3664.25,FUTCOM
08-Dec-11,672,16.80,2834.35,FUTCOM
09-Dec-11,786,19.65,3309.56,FUTCOM
10-Dec-11,401,10.03,1675.42,FUTCOM
12-Dec-11,660,16.50,2737.75,FUTCOM
13-Dec-11,820,20.50,3375.59,FUTCOM
14-Dec-11,596,14.90,2458.53,FUTCOM
15-Dec-11,371,9.28,1528.68,FUTCOM
16-Dec-11,681,17.03,2820.42,FUTCOM
17-Dec-11,917,22.93,3831.78,FUTCOM
19-Dec-11,1024,25.60,4276.61,FUTCOM
20-Dec-11,859,21.48,3577.60,FUTCOM
21-Dec-11,703,17.58,2895.95,FUTCOM
22-Dec-11,1101,27.53,4473.98,FUTCOM
23-Dec-11,862,21.55,3530.48,FUTCOM
24-Dec-11,537,13.43,2212.59,FUTCOM
26-Dec-11,855,21.38,3525.50,FUTCOM
27-Dec-11,1070,26.75,4468.66,FUTCOM
28-Dec-11,759,18.98,3201.14,FUTCOM
29-Dec-11,1070,26.75,4620.24,FUTCOM
30-Dec-11,1234,30.85,5243.33,FUTCOM
31-Dec-11,455,11.38,1920.44,FUTCOM
02-Jan-12,570,14.25,2452.84,FUTCOM
03-Jan-12,1197,29.93,5249.91,FUTCOM
04-Jan-12,1241,31.03,5539.42,FUTCOM
05-Jan-12,747,18.68,3291.24,FUTCOM
06-Jan-12,538,13.45,2383.49,FUTCOM
07-Jan-12,505,12.63,2266.37,FUTCOM
09-Jan-12,1084,27.10,5018.20,FUTCOM
10-Jan-12,987,24.68,4510.72,FUTCOM
11-Jan-12,982,24.55,4398.04,FUTCOM
12-Jan-12,852,21.30,3880.77,FUTCOM
13-Jan-12,875,21.88,3974.39,FUTCOM
14-Jan-12,635,15.88,2917.55,FUTCOM
16-Jan-12,1273,31.83,5934.94,FUTCOM
17-Jan-12,1090,27.25,5022.47,FUTCOM
18-Jan-12,984,24.60,4499.56,FUTCOM
19-Jan-12,667,16.68,3069.29,FUTCOM
20-Jan-12,718,17.95,3260.65,FUTCOM
21-Jan-12,569,14.23,2566.38,FUTCOM
23-Jan-12,1031,25.78,4689.85,FUTCOM
24-Jan-12,853,21.33,3918.46,FUTCOM
25-Jan-12,841,21.03,3811.70,FUTCOM
27-Jan-12,1071,26.78,4759.07,FUTCOM
28-Jan-12,369,9.23,1631.94,FUTCOM
30-Jan-12,967,24.18,4394.67,FUTCOM
31-Jan-12,804,20.10,3644.46,FUTCOM
01-Feb-12,510,12.75,2293.34,FUTCOM
02-Feb-12,548,13.70,2462.12,FUTCOM
03-Feb-12,620,15.50,2787.86,FUTCOM
04-Feb-12,281,7.03,1274.65,FUTCOM
06-Feb-12,897,22.43,4147.26,FUTCOM
07-Feb-12,624,15.60,2860.84,FUTCOM
08-Feb-12,716,17.90,3283.22,FUTCOM
09-Feb-12,581,14.53,2675.49,FUTCOM
10-Feb-12,636,15.90,2890.67,FUTCOM
11-Feb-12,248,6.20,1129.46,FUTCOM
13-Feb-12,679,16.98,3073.66,FUTCOM
14-Feb-12,896,22.40,3990.32,FUTCOM
15-Feb-12,463,11.58,2071.45,FUTCOM
16-Feb-12,560,14.00,2507.73,FUTCOM
17-Feb-12,517,12.93,2327.48,FUTCOM
18-Feb-12,236,5.90,1060.54,FUTCOM
20-Feb-12,0,0.00,0.00,FUTCOM
21-Feb-12,595,14.88,2655.49,FUTCOM
22-Feb-12,850,21.25,3745.38,FUTCOM
23-Feb-12,901,22.53,3897.59,FUTCOM
24-Feb-12,1064,26.60,4556.31,FUTCOM
25-Feb-12,770,19.25,3309.75,FUTCOM
27-Feb-12,934,23.35,3952.57,FUTCOM
28-Feb-12,1704,42.60,7336.35,FUTCOM
29-Feb-12,860,21.50,3705.41,FUTCOM
01-Mar-12,1032,25.80,4477.99,FUTCOM
02-Mar-12,1385,34.63,6101.62,FUTCOM
03-Mar-12,678,16.95,2952.26,FUTCOM
05-Mar-12,369,9.23,1539.50,FUTCOM
06-Mar-12,2731,68.28,11342.52,FUTCOM
07-Mar-12,1538,38.45,6556.51,FUTCOM
08-Mar-12,0,0.00,0.00,FUTCOM
09-Mar-12,1066,26.65,4578.13,FUTCOM
10-Mar-12,477,11.93,2014.16,FUTCOM
12-Mar-12,1305,32.63,5569.51,FUTCOM
13-Mar-12,749,18.73,3162.22,FUTCOM
14-Mar-12,1005,25.13,4317.84,FUTCOM
15-Mar-12,626,15.65,2658.49,FUTCOM
16-Mar-12,1068,26.70,4579.28,FUTCOM
17-Mar-12,838,20.95,3686.29,FUTCOM
19-Mar-12,1085,27.13,4596.84,FUTCOM
20-Mar-12,869,21.73,3664.70,FUTCOM
21-Mar-12,785,19.63,3325.00,FUTCOM
22-Mar-12,923,23.08,3927.13,FUTCOM
23-Mar-12,1156,28.90,4955.47,FUTCOM
24-Mar-12,395,9.88,1701.12,FUTCOM
26-Mar-12,579,14.48,2496.78,FUTCOM
27-Mar-12,1101,27.53,4794.41,FUTCOM
28-Mar-12,943,23.58,4071.47,FUTCOM
29-Mar-12,1092,27.30,4829.96,FUTCOM
30-Mar-12,1394,34.85,6174.80,FUTCOM
31-Mar-12,641,16.03,2846.23,FUTCOM
02-Apr-12,383,9.58,1702.71,FUTCOM
03-Apr-12,394,9.85,1757.32,FUTCOM
04-Apr-12,685,17.13,3046.52,FUTCOM
05-Apr-12,0,0.00,0.00,FUTCOM
07-Apr-12,1186,29.65,5176.85,FUTCOM
09-Apr-12,1050,26.25,4588.63,FUTCOM
10-Apr-12,1603,40.08,6917.33,FUTCOM
11-Apr-12,1147,28.68,4866.26,FUTCOM
12-Apr-12,2469,61.73,10637.88,FUTCOM
13-Apr-12,1161,29.03,5009.18,FUTCOM
16-Apr-12,686,17.15,2939.71,FUTCOM
17-Apr-12,1676,41.90,7145.20,FUTCOM
18-Apr-12,1286,32.15,5498.13,FUTCOM
19-Apr-12,1569,39.23,6627.43,FUTCOM
20-Apr-12,1561,39.03,6676.28,FUTCOM
21-Apr-12,849,21.23,3636.68,FUTCOM
23-Apr-12,1298,32.45,5590.56,FUTCOM
24-Apr-12,1236,30.90,5302.75,FUTCOM
25-Apr-12,1375,34.38,5926.61,FUTCOM
26-Apr-12,1580,39.50,6837.81,FUTCOM
27-Apr-12,1076,26.90,4675.98,FUTCOM
28-Apr-12,947,23.68,4126.68,FUTCOM
30-Apr-12,2513,62.83,11205.94,FUTCOM
01-May-12,0,0.00,0.00,FUTCOM
02-May-12,1576,39.40,7076.54,FUTCOM
03-May-12,1429,35.73,6449.00,FUTCOM
04-May-12,1794,44.85,8143.14,FUTCOM
05-May-12,1055,26.38,4793.45,FUTCOM
07-May-12,1517,37.93,6794.04,FUTCOM
08-May-12,1663,41.58,7315.39,FUTCOM
09-May-12,1114,27.85,4873.85,FUTCOM
10-May-12,1018,25.45,4473.03,FUTCOM
11-May-12,2362,59.05,10079.56,FUTCOM
12-May-12,1167,29.18,4937.89,FUTCOM
14-May-12,1406,35.15,5894.78,FUTCOM
15-May-12,2243,56.08,9522.60,FUTCOM
16-May-12,1433,35.83,6063.68,FUTCOM
17-May-12,1201,30.03,5063.34,FUTCOM
18-May-12,1235,30.88,5205.37,FUTCOM
19-May-12,610,15.25,2561.36,FUTCOM
21-May-12,1275,31.88,5333.77,FUTCOM
22-May-12,1909,47.73,7855.12,FUTCOM
23-May-12,1844,46.10,7283.73,FUTCOM
24-May-12,2475,61.88,9904.19,FUTCOM
25-May-12,2222,55.55,8939.85,FUTCOM
26-May-12,887,22.18,3570.34,FUTCOM
28-May-12,1444,36.10,5865.02,FUTCOM
29-May-12,1793,44.83,7340.88,FUTCOM
30-May-12,1622,40.55,6625.94,FUTCOM
31-May-12,1748,43.70,7079.75,FUTCOM
01-Jun-12,1461,36.53,5808.66,FUTCOM
02-Jun-12,1306,32.65,5026.79,FUTCOM
04-Jun-12,1526,38.15,5813.05,FUTCOM
05-Jun-12,863,21.58,3323.47,FUTCOM
06-Jun-12,1833,45.83,7131.17,FUTCOM
07-Jun-12,2434,60.85,9730.16,FUTCOM
08-Jun-12,1223,30.58,4877.89,FUTCOM
09-Jun-12,597,14.93,2374.60,FUTCOM
11-Jun-12,983,24.58,3933.81,FUTCOM
12-Jun-12,1007,25.18,4028.18,FUTCOM
13-Jun-12,954,23.85,3830.94,FUTCOM
14-Jun-12,2135,53.38,8647.34,FUTCOM
15-Jun-12,2417,60.43,9986.36,FUTCOM
16-Jun-12,745,18.63,3051.19,FUTCOM
18-Jun-12,1441,36.03,5904.04,FUTCOM
19-Jun-12,2517,62.93,10368.06,FUTCOM
20-Jun-12,1630,40.75,6754.98,FUTCOM
21-Jun-12,1882,47.05,7563.69,FUTCOM
22-Jun-12,2475,61.88,9912.80,FUTCOM
23-Jun-12,1410,35.25,5683.63,FUTCOM
25-Jun-12,2968,74.20,12149.08,FUTCOM
26-Jun-12,2266,56.65,9308.51,FUTCOM
27-Jun-12,2225,55.63,9188.54,FUTCOM
28-Jun-12,2075,51.88,8520.80,FUTCOM
29-Jun-12,1697,42.43,6982.50,FUTCOM
30-Jun-12,587,14.68,2428.89,FUTCOM
02-Jul-12,1927,48.18,8045.03,FUTCOM
03-Jul-12,1221,30.53,5126.58,FUTCOM
04-Jul-12,1554,38.85,6537.41,FUTCOM
05-Jul-12,2380,59.50,10082.06,FUTCOM
06-Jul-12,1585,39.63,6695.80,FUTCOM
07-Jul-12,749,18.73,3170.31,FUTCOM
09-Jul-12,2549,63.73,11023.71,FUTCOM
10-Jul-12,2982,74.55,12999.64,FUTCOM
11-Jul-12,2534,63.35,10973.01,FUTCOM
12-Jul-12,1573,39.33,6832.74,FUTCOM
13-Jul-12,1957,48.93,8541.43,FUTCOM
14-Jul-12,2420,60.50,10663.26,FUTCOM
16-Jul-12,3862,96.55,17522.70,FUTCOM
17-Jul-12,4474,111.85,20415.99,FUTCOM
18-Jul-12,2972,74.30,13486.03,FUTCOM
19-Jul-12,2034,50.85,9313.72,FUTCOM
20-Jul-12,2562,64.05,11789.76,FUTCOM
21-Jul-12,1406,35.15,6483.76,FUTCOM
23-Jul-12,3436,85.90,15663.25,FUTCOM
24-Jul-12,4402,110.05,19929.83,FUTCOM
25-Jul-12,2419,60.48,10955.86,FUTCOM
26-Jul-12,3219,80.48,14465.09,FUTCOM
27-Jul-12,2830,70.75,12740.59,FUTCOM
28-Jul-12,1447,36.18,6464.30,FUTCOM
30-Jul-12,2598,64.95,11438.09,FUTCOM
31-Jul-12,2694,67.35,11780.12,FUTCOM
01-Aug-12,1672,41.80,7359.55,FUTCOM
02-Aug-12,2077,51.93,9151.79,FUTCOM
03-Aug-12,2708,67.70,12092.73,FUTCOM
04-Aug-12,1937,48.43,8828.05,FUTCOM
06-Aug-12,2318,57.95,10648.88,FUTCOM
07-Aug-12,2726,68.15,12584.87,FUTCOM
08-Aug-12,2395,59.88,10907.25,FUTCOM
09-Aug-12,1890,47.25,8589.06,FUTCOM
10-Aug-12,810,20.25,3701.67,FUTCOM
11-Aug-12,987,24.68,4442.21,FUTCOM
13-Aug-12,1186,29.65,5288.91,FUTCOM
14-Aug-12,1236,30.90,5518.37,FUTCOM
16-Aug-12,1046,26.15,4725.02,FUTCOM
17-Aug-12,1149,28.73,5187.54,FUTCOM
18-Aug-12,371,9.28,1665.45,FUTCOM
20-Aug-12,0,0.00,0.00,FUTCOM
21-Aug-12,816,20.40,3669.17,FUTCOM
22-Aug-12,1602,40.05,7212.96,FUTCOM
23-Aug-12,1363,34.08,6163.13,FUTCOM
24-Aug-12,1340,33.50,6096.94,FUTCOM
25-Aug-12,684,17.10,3091.94,FUTCOM
27-Aug-12,1959,48.98,8779.72,FUTCOM
28-Aug-12,2016,50.40,8991.70,FUTCOM
29-Aug-12,939,23.48,4198.25,FUTCOM
30-Aug-12,618,15.45,2771.07,FUTCOM
31-Aug-12,1756,43.90,7820.72,FUTCOM
01-Sep-12,1032,25.80,4548.83,FUTCOM
03-Sep-12,904,22.60,3929.06,FUTCOM
04-Sep-12,1074,26.85,4692.51,FUTCOM
05-Sep-12,1395,34.88,6071.29,FUTCOM
06-Sep-12,785,19.63,3426.58,FUTCOM
07-Sep-12,974,24.35,4245.77,FUTCOM
08-Sep-12,490,12.25,2134.62,FUTCOM
10-Sep-12,614,15.35,2675.66,FUTCOM
11-Sep-12,696,17.40,3027.30,FUTCOM
12-Sep-12,979,24.48,4236.18,FUTCOM
13-Sep-12,923,23.08,3934.10,FUTCOM
14-Sep-12,1790,44.75,7456.14,FUTCOM
15-Sep-12,452,11.30,1880.69,FUTCOM
17-Sep-12,774,19.35,3205.74,FUTCOM
18-Sep-12,821,20.53,3388.70,FUTCOM
19-Sep-12,0,0.00,0.00,FUTCOM
20-Sep-12,948,23.70,3884.81,FUTCOM
21-Sep-12,1313,32.83,5315.71,FUTCOM
22-Sep-12,553,13.83,2214.62,FUTCOM
24-Sep-12,1375,34.38,5434.37,FUTCOM
25-Sep-12,1256,31.40,5057.54,FUTCOM
26-Sep-12,848,21.20,3443.13,FUTCOM
27-Sep-12,748,18.70,3015.66,FUTCOM
28-Sep-12,962,24.05,3845.36,FUTCOM
29-Sep-12,306,7.65,1220.56,FUTCOM
01-Oct-12,754,18.85,3008.62,FUTCOM
03-Oct-12,771,19.28,3082.39,FUTCOM
04-Oct-12,1234,30.85,4873.54,FUTCOM
05-Oct-12,1130,28.25,4413.14,FUTCOM
06-Oct-12,412,10.30,1625.51,FUTCOM
08-Oct-12,1897,47.43,7580.15,FUTCOM
09-Oct-12,2207,55.18,8943.47,FUTCOM
10-Oct-12,1591,39.78,6381.25,FUTCOM
11-Oct-12,1012,25.30,4040.49,FUTCOM
12-Oct-12,1162,29.05,4591.57,FUTCOM
13-Oct-12,322,8.05,1273.93,FUTCOM
15-Oct-12,1126,28.15,4496.59,FUTCOM
16-Oct-12,1854,46.35,7422.66,FUTCOM
17-Oct-12,1553,38.83,6237.73,FUTCOM
18-Oct-12,3028,75.70,12461.16,FUTCOM
19-Oct-12,1231,30.78,5043.70,FUTCOM
20-Oct-12,927,23.18,3833.39,FUTCOM
22-Oct-12,2399,59.98,10076.38,FUTCOM
23-Oct-12,1366,34.15,5672.64,FUTCOM
24-Oct-12,0,0.00,0.00,FUTCOM
25-Oct-12,1628,40.70,6634.27,FUTCOM
26-Oct-12,0,0.00,0.00,FUTCOM
27-Oct-12,1105,27.63,4499.21,FUTCOM
29-Oct-12,1194,29.85,4850.99,FUTCOM
30-Oct-12,2219,55.48,9085.79,FUTCOM
31-Oct-12,1679,41.98,6849.92,FUTCOM
01-Nov-12,2166,54.15,8767.00,FUTCOM
02-Nov-12,1274,31.85,5134.80,FUTCOM
03-Nov-12,669,16.73,2674.66,FUTCOM
05-Nov-12,1223,30.58,4915.25,FUTCOM
06-Nov-12,1461,36.53,5937.79,FUTCOM
07-Nov-12,999,24.98,4041.50,FUTCOM
08-Nov-12,974,24.35,3937.63,FUTCOM
09-Nov-12,1974,49.35,7974.18,FUTCOM
10-Nov-12,286,7.15,1150.86,FUTCOM
12-Nov-12,1159,28.98,4697.83,FUTCOM
13-Nov-12,299,7.48,1211.17,FUTCOM
14-Nov-12,57,1.43,230.77,FUTCOM
15-Nov-12,683,17.08,2785.45,FUTCOM
16-Nov-12,1218,30.45,4953.17,FUTCOM
17-Nov-12,609,15.23,2474.87,FUTCOM
19-Nov-12,1513,37.83,6141.69,FUTCOM
20-Nov-12,1042,26.05,4242.29,FUTCOM
21-Nov-12,1120,28.00,4573.41,FUTCOM
22-Nov-12,1495,37.38,6077.87,FUTCOM
23-Nov-12,1506,37.65,6087.20,FUTCOM
24-Nov-12,1056,26.40,4257.10,FUTCOM
26-Nov-12,2319,57.98,9404.53,FUTCOM
27-Nov-12,2231,55.78,9101.72,FUTCOM
28-Nov-12,0,0.00,0.00,FUTCOM
29-Nov-12,908,22.70,3699.37,FUTCOM
30-Nov-12,1147,28.68,4698.51,FUTCOM
01-Dec-12,659,16.48,2717.03,FUTCOM
03-Dec-12,803,20.08,3293.76,FUTCOM
04-Dec-12,666,16.65,2715.77,FUTCOM
05-Dec-12,577,14.43,2356.27,FUTCOM
06-Dec-12,706,17.65,2891.82,FUTCOM
07-Dec-12,882,22.05,3632.04,FUTCOM
08-Dec-12,1182,29.55,4897.69,FUTCOM
10-Dec-12,1364,34.10,5652.64,FUTCOM
11-Dec-12,983,24.58,4074.19,FUTCOM
12-Dec-12,2789,69.73,11650.15,FUTCOM
13-Dec-12,3193,79.83,13430.58,FUTCOM
14-Dec-12,3210,80.25,13597.51,FUTCOM
15-Dec-12,1961,49.03,8317.84,FUTCOM
17-Dec-12,2376,59.40,9964.01,FUTCOM
18-Dec-12,3381,84.53,14285.62,FUTCOM
19-Dec-12,1668,41.70,7006.19,FUTCOM
20-Dec-12,1734,43.35,7272.85,FUTCOM
21-Dec-12,2627,65.68,11115.08,FUTCOM
22-Dec-12,1898,47.45,8086.82,FUTCOM
24-Dec-12,3709,92.73,15612.45,FUTCOM
26-Dec-12,2850,71.25,11869.22,FUTCOM
27-Dec-12,2687,67.18,11258.68,FUTCOM
28-Dec-12,1532,38.30,6368.85,FUTCOM
29-Dec-12,924,23.10,3811.50,FUTCOM
31-Dec-12,2117,52.93,8809.12,FUTCOM
01-Jan-13,1983,49.58,8302.64,FUTCOM
02-Jan-13,1433,35.83,5980.80,FUTCOM
03-Jan-13,1282,32.05,5330.89,FUTCOM
04-Jan-13,1095,27.38,4544.98,FUTCOM
05-Jan-13,1071,26.78,4415.18,FUTCOM
07-Jan-13,1302,32.55,5373.22,FUTCOM
08-Jan-13,1364,34.10,5665.03,FUTCOM
09-Jan-13,1266,31.65,5268.73,FUTCOM
10-Jan-13,1314,32.85,5452.97,FUTCOM
11-Jan-13,1243,31.08,5147.72,FUTCOM
12-Jan-13,822,20.55,3420.65,FUTCOM
14-Jan-13,911,22.78,3763.25,FUTCOM
15-Jan-13,1139,28.48,4700.49,FUTCOM
16-Jan-13,950,23.75,3942.49,FUTCOM
17-Jan-13,1827,45.68,7606.32,FUTCOM
18-Jan-13,1161,29.03,4865.92,FUTCOM
19-Jan-13,743,18.58,3084.34,FUTCOM
21-Jan-13,1583,39.58,6560.31,FUTCOM
22-Jan-13,1708,42.70,7056.32,FUTCOM
23-Jan-13,2054,51.35,8549.12,FUTCOM
24-Jan-13,2764,69.10,11490.38,FUTCOM
25-Jan-13,0,0.00,0.00,FUTCOM
28-Jan-13,3776,94.40,15770.72,FUTCOM
29-Jan-13,4269,106.73,17962.88,FUTCOM
30-Jan-13,4069,101.73,17386.69,FUTCOM
31-Jan-13,2261,56.53,9578.25,FUTCOM
01-Feb-13,1434,35.85,6061.99,FUTCOM
02-Feb-13,1306,32.65,5548.64,FUTCOM
04-Feb-13,2041,51.03,8613.24,FUTCOM
05-Feb-13,1257,31.43,5289.00,FUTCOM
06-Feb-13,1470,36.75,6170.28,FUTCOM
07-Feb-13,1724,43.10,7286.64,FUTCOM
08-Feb-13,2994,74.85,12646.22,FUTCOM
09-Feb-13,1193,29.83,5105.92,FUTCOM
11-Feb-13,4984,124.60,21647.17,FUTCOM
12-Feb-13,2847,71.18,12341.54,FUTCOM
13-Feb-13,2564,64.10,11054.09,FUTCOM
14-Feb-13,2674,66.85,11574.67,FUTCOM
15-Feb-13,2379,59.48,10364.67,FUTCOM
16-Feb-13,2188,54.70,9599.72,FUTCOM
18-Feb-13,2940,73.50,12992.04,FUTCOM
19-Feb-13,2040,51.00,8990.47,FUTCOM
20-Feb-13,6058,151.45,27136.23,FUTCOM
21-Feb-13,3683,92.08,16517.17,FUTCOM
22-Feb-13,5084,127.10,22994.44,FUTCOM
23-Feb-13,5226,130.65,23946.14,FUTCOM
25-Feb-13,6264,156.60,28707.98,FUTCOM
26-Feb-13,4681,117.03,21224.17,FUTCOM
27-Feb-13,4223,105.58,19348.47,FUTCOM
28-Feb-13,6980,174.50,32468.67,FUTCOM
01-Mar-13,6911,172.78,32244.07,FUTCOM
02-Mar-13,2277,56.93,10550.11,FUTCOM
04-Mar-13,4305,107.63,19791.39,FUTCOM
05-Mar-13,4081,102.03,18881.63,FUTCOM
06-Mar-13,4491,112.28,20903.83,FUTCOM
07-Mar-13,5336,133.40,24946.22,FUTCOM
08-Mar-13,4450,111.25,20958.81,FUTCOM
09-Mar-13,5247,131.18,24917.64,FUTCOM
11-Mar-13,5916,147.90,27953.07,FUTCOM
12-Mar-13,3218,80.45,15083.65,FUTCOM
13-Mar-13,4584,114.60,21551.37,FUTCOM
14-Mar-13,4406,110.15,20953.55,FUTCOM
15-Mar-13,8026,200.65,38736.06,FUTCOM
16-Mar-13,4212,105.30,20325.73,FUTCOM
18-Mar-13,5178,129.45,24690.86,FUTCOM
19-Mar-13,3766,94.15,17994.34,FUTCOM
20-Mar-13,3929,98.23,18901.64,FUTCOM
21-Mar-13,5003,125.08,23808.85,FUTCOM
22-Mar-13,4188,104.70,19785.53,FUTCOM
23-Mar-13,3793,94.83,17753.12,FUTCOM
25-Mar-13,4457,111.43,20807.58,FUTCOM
26-Mar-13,5686,142.15,26894.67,FUTCOM
27-Mar-13,0,0.00,0.00,FUTCOM
28-Mar-13,4324,108.10,20595.86,FUTCOM
30-Mar-13,3984,99.60,19365.14,FUTCOM
01-Apr-13,4566,114.15,22242.09,FUTCOM
02-Apr-13,4204,105.10,20353.38,FUTCOM
03-Apr-13,2664,66.60,12940.50,FUTCOM
04-Apr-13,3074,76.85,14874.27,FUTCOM
05-Apr-13,3026,75.65,14568.70,FUTCOM
06-Apr-13,2369,59.23,11294.32,FUTCOM
08-Apr-13,4322,108.05,20554.36,FUTCOM
09-Apr-13,4429,110.73,21070.10,FUTCOM
10-Apr-13,4494,112.35,21594.76,FUTCOM
11-Apr-13,4105,102.63,19770.65,FUTCOM
12-Apr-13,2809,70.23,13424.75,FUTCOM
13-Apr-13,4126,103.15,19598.02,FUTCOM
15-Apr-13,4753,118.83,22152.25,FUTCOM
16-Apr-13,7073,176.83,32130.26,FUTCOM
17-Apr-13,4932,123.30,22411.59,FUTCOM
18-Apr-13,4523,113.08,20630.18,FUTCOM
19-Apr-13,0,0.00,0.00,FUTCOM
20-Apr-13,4688,117.20,21013.61,FUTCOM
22-Apr-13,5537,138.43,24803.35,FUTCOM
23-Apr-13,3169,79.23,14355.85,FUTCOM
24-Apr-13,0,0.00,0.00,FUTCOM
25-Apr-13,5534,138.35,24496.54,FUTCOM
26-Apr-13,3447,86.18,15501.56,FUTCOM
27-Apr-13,2093,52.33,9491.53,FUTCOM
29-Apr-13,3483,87.08,15935.20,FUTCOM
30-Apr-13,3275,81.88,15089.25,FUTCOM
01-May-13,0,0.00,0.00,FUTCOM
02-May-13,4031,100.78,18229.53,FUTCOM
03-May-13,2995,74.88,13678.81,FUTCOM
04-May-13,728,18.20,3335.87,FUTCOM
06-May-13,2172,54.30,9895.40,FUTCOM
07-May-13,2116,52.90,9591.02,FUTCOM
08-May-13,2093,52.33,9483.20,FUTCOM
09-May-13,3303,82.58,15027.20,FUTCOM
10-May-13,2314,57.85,10564.97,FUTCOM
11-May-13,1514,37.85,6915.13,FUTCOM
13-May-13,2316,57.90,10496.74,FUTCOM
14-May-13,1583,39.58,7178.93,FUTCOM
15-May-13,2075,51.88,9443.36,FUTCOM
16-May-13,1278,31.95,5797.58,FUTCOM
17-May-13,1287,32.18,5836.65,FUTCOM
18-May-13,802,20.05,3618.37,FUTCOM
20-May-13,1683,42.08,7597.80,FUTCOM
21-May-13,1356,33.90,6140.13,FUTCOM
22-May-13,2622,65.55,11869.27,FUTCOM
23-May-13,2218,55.45,10139.65,FUTCOM
24-May-13,3047,76.18,13900.75,FUTCOM
27-May-13,3333,83.33,15173.57,FUTCOM
28-May-13,2443,61.08,11235.36,FUTCOM
29-May-13,2102,52.55,9683.63,FUTCOM
30-May-13,2593,64.83,12004.81,FUTCOM
31-May-13,2752,68.80,12881.85,FUTCOM
01-Jun-13,980,24.50,4584.44,FUTCOM
03-Jun-13,1964,49.10,9200.53,FUTCOM
04-Jun-13,2650,66.25,12590.41,FUTCOM
05-Jun-13,1605,40.13,7648.99,FUTCOM
06-Jun-13,1199,29.98,5705.88,FUTCOM
07-Jun-13,1729,43.23,8248.01,FUTCOM
08-Jun-13,752,18.80,3590.49,FUTCOM
10-Jun-13,3401,85.03,16320.07,FUTCOM
11-Jun-13,4343,108.58,21079.77,FUTCOM
12-Jun-13,2742,68.55,13257.21,FUTCOM
13-Jun-13,3571,89.28,17396.52,FUTCOM
14-Jun-13,3060,76.50,15037.01,FUTCOM
15-Jun-13,903,22.58,4411.40,FUTCOM
17-Jun-13,3346,83.65,16150.04,FUTCOM
18-Jun-13,3337,83.43,16077.81,FUTCOM
19-Jun-13,2066,51.65,10024.63,FUTCOM
20-Jun-13,2001,50.03,9718.15,FUTCOM
21-Jun-13,3015,75.38,14656.15,FUTCOM
22-Jun-13,1957,48.93,9616.79,FUTCOM
24-Jun-13,4340,108.50,21441.33,FUTCOM
25-Jun-13,3902,97.55,19118.90,FUTCOM
26-Jun-13,2540,63.50,12613.83,FUTCOM
27-Jun-13,3268,81.70,16225.81,FUTCOM
28-Jun-13,3741,93.53,18482.28,FUTCOM
29-Jun-13,1502,37.55,7368.41,FUTCOM
01-Jul-13,2466,61.65,12086.86,FUTCOM
02-Jul-13,1226,30.65,6042.71,FUTCOM
03-Jul-13,1898,47.45,9445.51,FUTCOM
04-Jul-13,1973,49.33,9851.79,FUTCOM
05-Jul-13,2121,53.03,10670.26,FUTCOM
06-Jul-13,1646,41.15,8288.64,FUTCOM
08-Jul-13,2172,54.30,11066.96,FUTCOM
09-Jul-13,1769,44.23,8998.95,FUTCOM
10-Jul-13,2407,60.18,12325.48,FUTCOM
11-Jul-13,1421,35.53,7254.30,FUTCOM
12-Jul-13,3206,80.15,16149.27,FUTCOM
13-Jul-13,1708,42.70,8570.98,FUTCOM
15-Jul-13,2475,61.88,12327.62,FUTCOM
16-Jul-13,1576,39.40,7821.45,FUTCOM
17-Jul-13,2339,58.48,11481.93,FUTCOM
18-Jul-13,2088,52.20,10304.28,FUTCOM
19-Jul-13,2301,57.53,11442.05,FUTCOM
20-Jul-13,864,21.60,4282.70,FUTCOM
22-Jul-13,2837,70.93,14075.46,FUTCOM
23-Jul-13,1647,41.18,8205.29,FUTCOM
24-Jul-13,2166,54.15,10721.43,FUTCOM
25-Jul-13,3047,76.18,14875.58,FUTCOM
26-Jul-13,3720,93.00,17998.23,FUTCOM
27-Jul-13,858,21.45,4164.81,FUTCOM
29-Jul-13,1093,27.33,5274.66,FUTCOM
30-Jul-13,2943,73.58,14203.84,FUTCOM
31-Jul-13,2776,69.40,13607.40,FUTCOM
01-Aug-13,1746,43.65,8575.65,FUTCOM
02-Aug-13,1592,39.80,7822.93,FUTCOM
03-Aug-13,1665,41.63,8271.95,FUTCOM
05-Aug-13,2720,68.00,13666.19,FUTCOM
06-Aug-13,2177,54.43,10897.92,FUTCOM
07-Aug-13,2525,63.13,12708.59,FUTCOM
08-Aug-13,3685,92.13,18894.29,FUTCOM
09-Aug-13,0,0.00,0.00,FUTCOM
10-Aug-13,2004,50.10,10326.65,FUTCOM
12-Aug-13,2256,56.40,11628.84,FUTCOM
13-Aug-13,2424,60.60,12581.86,FUTCOM
14-Aug-13,5694,142.35,30111.91,FUTCOM
16-Aug-13,6344,158.60,34559.46,FUTCOM
17-Aug-13,6694,167.35,37180.30,FUTCOM
19-Aug-13,5816,145.40,31441.60,FUTCOM
20-Aug-13,3417,85.43,18772.08,FUTCOM
21-Aug-13,4475,111.88,24122.23,FUTCOM
22-Aug-13,3539,88.48,18975.16,FUTCOM
23-Aug-13,2430,60.75,12941.75,FUTCOM
24-Aug-13,1287,32.18,6914.57,FUTCOM
26-Aug-13,3371,84.28,18474.16,FUTCOM
27-Aug-13,4379,109.48,24324.47,FUTCOM
28-Aug-13,5189,129.73,29541.60,FUTCOM
29-Aug-13,3198,79.95,17963.40,FUTCOM
30-Aug-13,3042,76.05,16564.62,FUTCOM
31-Aug-13,1989,49.73,11052.10,FUTCOM
02-Sep-13,1976,49.40,10875.71,FUTCOM
03-Sep-13,2803,70.08,15528.24,FUTCOM
04-Sep-13,3028,75.70,16511.73,FUTCOM
05-Sep-13,5143,128.58,27278.84,FUTCOM
06-Sep-13,2578,64.45,13650.57,FUTCOM
07-Sep-13,1463,36.58,7707.68,FUTCOM
09-Sep-13,0,0.00,0.00,FUTCOM
10-Sep-13,2220,55.50,11638.05,FUTCOM
11-Sep-13,3008,75.20,15680.27,FUTCOM
12-Sep-13,3581,89.53,18822.10,FUTCOM
13-Sep-13,2302,57.55,12066.61,FUTCOM
14-Sep-13,1383,34.58,7180.61,FUTCOM
16-Sep-13,2942,73.55,15260.00,FUTCOM
17-Sep-13,2379,59.48,12281.47,FUTCOM
18-Sep-13,2240,56.00,11510.02,FUTCOM
19-Sep-13,2795,69.88,14238.41,FUTCOM
20-Sep-13,2586,64.65,13157.27,FUTCOM
21-Sep-13,1804,45.10,9201.06,FUTCOM
23-Sep-13,3968,99.20,20430.82,FUTCOM
24-Sep-13,4150,103.75,21496.26,FUTCOM
25-Sep-13,3934,98.35,20521.72,FUTCOM
26-Sep-13,4149,103.73,21835.08,FUTCOM
27-Sep-13,3796,94.90,19767.17,FUTCOM
28-Sep-13,2336,58.40,12149.29,FUTCOM
30-Sep-13,4288,107.20,22572.63,FUTCOM
01-Oct-13,4505,112.63,23870.39,FUTCOM
03-Oct-13,3749,93.73,19820.68,FUTCOM
04-Oct-13,3177,79.43,16740.94,FUTCOM
05-Oct-13,1349,33.73,7104.90,FUTCOM
07-Oct-13,2857,71.43,14830.89,FUTCOM
08-Oct-13,5928,148.20,30271.96,FUTCOM
09-Oct-13,4032,100.80,20733.92,FUTCOM
10-Oct-13,3509,87.73,18110.80,FUTCOM
11-Oct-13,3562,89.05,18269.32,FUTCOM
12-Oct-13,1551,38.78,7979.25,FUTCOM
14-Oct-13,3905,97.63,19951.55,FUTCOM
15-Oct-13,4639,115.98,23672.85,FUTCOM
16-Oct-13,0,0.00,0.00,FUTCOM
17-Oct-13,6535,163.38,33428.01,FUTCOM
18-Oct-13,2514,62.85,12916.04,FUTCOM
19-Oct-13,1932,48.30,9892.47,FUTCOM
21-Oct-13,4325,108.13,22036.35,FUTCOM
22-Oct-13,3292,82.30,16760.70,FUTCOM
23-Oct-13,3065,76.63,15496.94,FUTCOM
24-Oct-13,7212,180.30,36148.44,FUTCOM
25-Oct-13,3979,99.48,19786.45,FUTCOM
26-Oct-13,1568,39.20,7865.16,FUTCOM
28-Oct-13,3820,95.50,19158.68,FUTCOM
29-Oct-13,3484,87.10,17267.55,FUTCOM
30-Oct-13,5966,149.15,29286.00,FUTCOM
31-Oct-13,5140,128.50,25008.44,FUTCOM
01-Nov-13,4157,103.93,19921.97,FUTCOM
02-Nov-13,2135,53.38,10115.99,FUTCOM
03-Nov-13,1493,37.33,7107.79,FUTCOM
04-Nov-13,0,0.00,0.00,FUTCOM
05-Nov-13,2119,52.98,10057.38,FUTCOM
06-Nov-13,4134,103.35,19859.21,FUTCOM
07-Nov-13,2998,74.95,14418.11,FUTCOM
08-Nov-13,3005,75.13,14286.24,FUTCOM
09-Nov-13,1603,40.08,7642.79,FUTCOM
11-Nov-13,4463,111.58,21549.57,FUTCOM
12-Nov-13,4877,121.93,23701.98,FUTCOM
13-Nov-13,3204,80.10,15437.91,FUTCOM
14-Nov-13,3598,89.95,17129.50,FUTCOM
15-Nov-13,0,0.00,0.00,FUTCOM
16-Nov-13,2745,68.63,12928.40,FUTCOM
18-Nov-13,4599,114.98,21582.73,FUTCOM
19-Nov-13,4540,113.50,21424.61,FUTCOM
20-Nov-13,4298,107.45,20327.55,FUTCOM
21-Nov-13,3869,96.73,18302.60,FUTCOM
22-Nov-13,4405,110.13,20758.13,FUTCOM
23-Nov-13,4444,111.10,20741.91,FUTCOM
25-Nov-13,5845,146.13,27362.44,FUTCOM
26-Nov-13,7317,182.93,34413.43,FUTCOM
27-Nov-13,5128,128.20,23974.77,FUTCOM
28-Nov-13,6372,159.30,29589.53,FUTCOM
29-Nov-13,6308,157.70,29333.71,FUTCOM
30-Nov-13,1820,45.50,8439.92,FUTCOM
02-Dec-13,2949,73.73,13756.32,FUTCOM
03-Dec-13,1999,49.98,9346.71,FUTCOM
04-Dec-13,5621,140.53,26590.89,FUTCOM
05-Dec-13,4210,105.25,19894.60,FUTCOM
06-Dec-13,3120,78.00,14676.84,FUTCOM
07-Dec-13,2823,70.58,13405.91,FUTCOM
09-Dec-13,3244,81.10,15420.11,FUTCOM
10-Dec-13,2393,59.83,11332.92,FUTCOM
11-Dec-13,3299,82.48,15488.12,FUTCOM
12-Dec-13,6160,154.00,29230.19,FUTCOM
13-Dec-13,10034,250.85,48784.38,FUTCOM
14-Dec-13,3172,79.30,15364.27,FUTCOM
16-Dec-13,6454,161.35,31333.84,FUTCOM
17-Dec-13,4401,110.03,21287.95,FUTCOM
18-Dec-13,4829,120.73,23365.21,FUTCOM
19-Dec-13,9466,236.65,46322.77,FUTCOM
20-Dec-13,8679,216.98,42383.99,FUTCOM
21-Dec-13,4365,109.13,21054.96,FUTCOM
23-Dec-13,5145,128.63,24692.71,FUTCOM
24-Dec-13,6284,157.10,30291.82,FUTCOM
26-Dec-13,5129,128.23,24846.17,FUTCOM
27-Dec-13,4856,121.40,23747.45,FUTCOM
28-Dec-13,2562,64.05,12645.04,FUTCOM
30-Dec-13,7251,181.28,36125.54,FUTCOM
31-Dec-13,7838,195.95,39178.27,FUTCOM
01-Jan-14,3535,88.38,17722.55,FUTCOM
02-Jan-14,5639,140.98,28311.97,FUTCOM
03-Jan-14,4302,107.55,21461.74,FUTCOM
04-Jan-14,4962,124.05,24740.69,FUTCOM
06-Jan-14,6857,171.43,34500.50,FUTCOM
07-Jan-14,10664,266.60,54515.95,FUTCOM
08-Jan-14,8288,207.20,42551.15,FUTCOM
09-Jan-14,10169,254.23,51875.12,FUTCOM
10-Jan-14,7114,177.85,36308.44,FUTCOM
11-Jan-14,5529,138.23,28089.32,FUTCOM
13-Jan-14,10571,264.28,54474.00,FUTCOM
14-Jan-14,0,0.00,0.00,FUTCOM
15-Jan-14,10690,267.25,55500.53,FUTCOM
16-Jan-14,11427,285.68,59243.06,FUTCOM
17-Jan-14,12245,306.13,63361.36,FUTCOM
18-Jan-14,6596,164.90,33745.62,FUTCOM
20-Jan-14,10139,253.48,51764.94,FUTCOM
21-Jan-14,9471,236.78,48879.26,FUTCOM
22-Jan-14,12837,320.93,67360.51,FUTCOM
23-Jan-14,11460,286.50,60223.08,FUTCOM
24-Jan-14,22240,556.00,116243.60,FUTCOM
25-Jan-14,6499,162.48,33890.63,FUTCOM
27-Jan-14,9107,227.68,47513.67,FUTCOM
28-Jan-14,10319,257.98,53509.10,FUTCOM
29-Jan-14,8787,219.68,45615.40,FUTCOM
30-Jan-14,8774,219.35,45800.21,FUTCOM
31-Jan-14,6886,172.15,35913.57,FUTCOM
01-Feb-14,3065,76.63,15896.94,FUTCOM
03-Feb-14,4099,102.48,21338.80,FUTCOM
04-Feb-14,4597,114.93,24003.16,FUTCOM
05-Feb-14,6616,165.40,34739.46,FUTCOM
06-Feb-14,5695,142.38,30087.76,FUTCOM
07-Feb-14,8382,209.55,44553.03,FUTCOM
08-Feb-14,3489,87.23,18489.58,FUTCOM
10-Feb-14,6572,164.30,34716.42,FUTCOM
11-Feb-14,9045,226.13,47400.82,FUTCOM
12-Feb-14,7196,179.90,37758.39,FUTCOM
13-Feb-14,5331,133.28,27943.39,FUTCOM
14-Feb-14,3077,76.93,16055.09,FUTCOM
15-Feb-14,2761,69.03,14438.64,FUTCOM
17-Feb-14,7315,182.88,38014.52,FUTCOM
18-Feb-14,5493,137.33,28637.35,FUTCOM
19-Feb-14,7460,186.50,39021.14,FUTCOM
20-Feb-14,4944,123.60,25936.01,FUTCOM
21-Feb-14,5597,139.93,29390.32,FUTCOM
22-Feb-14,4135,103.38,21736.83,FUTCOM
24-Feb-14,6138,153.45,32161.00,FUTCOM
25-Feb-14,5100,127.50,26635.66,FUTCOM
26-Feb-14,7362,184.05,38190.69,FUTCOM
27-Feb-14,0,0.00,0.00,FUTCOM
28-Feb-14,10093,252.33,51626.89,FUTCOM
01-Mar-14,5994,149.85,30632.32,FUTCOM
03-Mar-14,6555,163.88,33640.94,FUTCOM
04-Mar-14,5890,147.25,30516.67,FUTCOM
05-Mar-14,7659,191.48,40038.19,FUTCOM
06-Mar-14,5257,131.43,27161.55,FUTCOM
07-Mar-14,8192,204.80,43124.94,FUTCOM
08-Mar-14,2532,63.30,13301.67,FUTCOM
10-Mar-14,4020,100.50,21071.72,FUTCOM
11-Mar-14,4911,122.78,25624.29,FUTCOM
12-Mar-14,5959,148.98,30955.06,FUTCOM
13-Mar-14,4241,106.03,22060.09,FUTCOM
14-Mar-14,5878,146.95,30383.63,FUTCOM
15-Mar-14,3149,78.73,16423.07,FUTCOM
17-Mar-14,0,0.00,0.00,FUTCOM
18-Mar-14,3863,96.58,20077.18,FUTCOM
19-Mar-14,2805,70.13,14706.58,FUTCOM
20-Mar-14,5363,134.08,28062.02,FUTCOM
21-Mar-14,6024,150.60,31620.43,FUTCOM
22-Mar-14,3075,76.88,16115.24,FUTCOM
24-Mar-14,3024,75.60,15841.96,FUTCOM
25-Mar-14,9638,240.95,49578.37,FUTCOM
26-Mar-14,7297,182.43,37936.73,FUTCOM
27-Mar-14,4707,117.68,24395.10,FUTCOM
28-Mar-14,4872,121.80,25325.09,FUTCOM
29-Mar-14,1508,37.70,7795.11,FUTCOM
31-Mar-14,3170,79.25,16457.52,FUTCOM
01-Apr-14,4184,104.60,21570.53,FUTCOM
02-Apr-14,4999,124.98,25591.41,FUTCOM
03-Apr-14,3963,99.08,20262.62,FUTCOM
04-Apr-14,2939,73.48,15095.24,FUTCOM
07-Apr-14,3388,84.70,17482.74,FUTCOM
08-Apr-14,1664,41.60,8518.08,FUTCOM
09-Apr-14,4145,103.63,21294.51,FUTCOM
10-Apr-14,8937,223.43,45221.33,FUTCOM
11-Apr-14,4366,109.15,21874.23,FUTCOM
14-Apr-14,2889,72.23,14568.62,FUTCOM
15-Apr-14,4682,117.05,23719.53,FUTCOM
16-Apr-14,3325,83.13,16844.01,FUTCOM
17-Apr-14,3194,79.85,16232.66,FUTCOM
21-Apr-14,7704,192.60,39686.54,FUTCOM
22-Apr-14,7566,189.15,39427.76,FUTCOM
23-Apr-14,10189,254.73,53664.59,FUTCOM
25-Apr-14,5381,134.53,28454.81,FUTCOM
28-Apr-14,3862,96.55,20480.25,FUTCOM
29-Apr-14,4875,121.88,25706.22,FUTCOM
30-Apr-14,2499,62.48,13295.19,FUTCOM
01-May-14,1080,27.00,5735.76,FUTCOM
02-May-14,4420,110.50,23614.64,FUTCOM
05-May-14,3246,81.15,17416.68,FUTCOM
06-May-14,2194,54.85,11788.74,FUTCOM
07-May-14,3907,97.68,20670.26,FUTCOM
08-May-14,4232,105.80,22328.69,FUTCOM
09-May-14,2916,72.90,15401.60,FUTCOM
12-May-14,4536,113.40,23480.09,FUTCOM
13-May-14,3957,98.93,20357.05,FUTCOM
14-May-14,1925,48.13,9868.46,FUTCOM
15-May-14,4647,116.18,23549.44,FUTCOM
16-May-14,5432,135.80,27300.21,FUTCOM
19-May-14,4039,100.98,20133.03,FUTCOM
20-May-14,2955,73.88,14714.24,FUTCOM
21-May-14,4494,112.35,22491.51,FUTCOM
22-May-14,5779,144.48,28762.15,FUTCOM
23-May-14,5961,149.03,29453.03,FUTCOM
26-May-14,5299,132.48,25765.39,FUTCOM
27-May-14,5462,136.55,26417.59,FUTCOM
28-May-14,4611,115.28,22074.99,FUTCOM
29-May-14,5097,127.43,24858.14,FUTCOM
30-May-14,5588,139.70,27412.87,FUTCOM
02-Jun-14,2241,56.03,10864.38,FUTCOM
03-Jun-14,4541,113.53,22269.37,FUTCOM
04-Jun-14,3456,86.40,16978.16,FUTCOM
05-Jun-14,2034,50.85,9923.91,FUTCOM
06-Jun-14,1480,37.00,7191.64,FUTCOM
09-Jun-14,2087,52.18,10117.45,FUTCOM
10-Jun-14,2791,69.78,13577.60,FUTCOM
11-Jun-14,2762,69.05,13504.72,FUTCOM
12-Jun-14,2785,69.63,13636.65,FUTCOM
13-Jun-14,2827,70.68,13905.99,FUTCOM
16-Jun-14,4321,108.03,21524.14,FUTCOM
17-Jun-14,3244,81.10,16161.91,FUTCOM
18-Jun-14,2982,74.55,14937.74,FUTCOM
19-Jun-14,3043,76.08,15193.33,FUTCOM
20-Jun-14,1950,48.75,9711.28,FUTCOM
23-Jun-14,7315,182.88,36862.34,FUTCOM
24-Jun-14,6082,152.05,30716.79,FUTCOM
25-Jun-14,5259,131.48,26614.98,FUTCOM
26-Jun-14,3639,90.98,18239.97,FUTCOM
27-Jun-14,3779,94.48,18915.61,FUTCOM
30-Jun-14,3560,89.00,17953.44,FUTCOM
01-Jul-14,3763,94.08,18731.98,FUTCOM
02-Jul-14,3512,87.80,17270.62,FUTCOM
03-Jul-14,5094,127.35,24753.69,FUTCOM
04-Jul-14,1424,35.60,6914.86,FUTCOM
07-Jul-14,3344,83.60,16316.58,FUTCOM
08-Jul-14,3622,90.55,17542.12,FUTCOM
09-Jul-14,2826,70.65,13689.44,FUTCOM
10-Jul-14,5798,144.95,27593.74,FUTCOM
11-Jul-14,2968,74.20,13856.87,FUTCOM
14-Jul-14,3496,87.40,16278.55,FUTCOM
15-Jul-14,5893,147.33,27779.99,FUTCOM
16-Jul-14,2002,50.05,9326.33,FUTCOM
17-Jul-14,2801,70.03,12997.05,FUTCOM
18-Jul-14,2159,53.98,9938.08,FUTCOM
21-Jul-14,2896,72.40,13406.05,FUTCOM
22-Jul-14,3167,79.18,14539.44,FUTCOM
23-Jul-14,3264,81.60,14877.20,FUTCOM
24-Jul-14,2993,74.83,13465.93,FUTCOM
25-Jul-14,2654,66.35,11797.60,FUTCOM
28-Jul-14,3442,86.05,15301.39,FUTCOM
29-Jul-14,849,21.23,3728.96,FUTCOM
30-Jul-14,3469,86.73,14996.97,FUTCOM
31-Jul-14,4391,109.78,19005.85,FUTCOM
01-Aug-14,3177,79.43,13610.70,FUTCOM
04-Aug-14,3073,76.83,13484.31,FUTCOM
05-Aug-14,3506,87.65,15480.26,FUTCOM
06-Aug-14,2247,56.18,9977.57,FUTCOM
07-Aug-14,1218,30.45,5397.38,FUTCOM
08-Aug-14,1341,33.53,5954.24,FUTCOM
11-Aug-14,2156,53.90,9615.70,FUTCOM
12-Aug-14,2476,61.90,10967.43,FUTCOM
13-Aug-14,2171,54.28,9612.56,FUTCOM
14-Aug-14,3253,81.33,14501.12,FUTCOM
18-Aug-14,1957,48.93,8724.78,FUTCOM
19-Aug-14,870,21.75,3856.27,FUTCOM
20-Aug-14,2003,50.08,8948.17,FUTCOM
21-Aug-14,2934,73.35,13257.76,FUTCOM
22-Aug-14,2172,54.30,9676.36,FUTCOM
25-Aug-14,1663,41.58,7406.66,FUTCOM
26-Aug-14,1622,40.55,7230.42,FUTCOM
27-Aug-14,1412,35.30,6319.76,FUTCOM
28-Aug-14,1647,41.18,7381.71,FUTCOM
29-Aug-14,838,20.95,3725.84,FUTCOM
01-Sep-14,2810,70.25,12194.93,FUTCOM
02-Sep-14,2001,50.03,8616.90,FUTCOM
03-Sep-14,1551,38.78,6725.41,FUTCOM
04-Sep-14,1474,36.85,6429.48,FUTCOM
05-Sep-14,1515,37.88,6494.61,FUTCOM
08-Sep-14,979,24.48,4212.68,FUTCOM
09-Sep-14,2422,60.55,10579.40,FUTCOM
10-Sep-14,3087,77.18,13478.12,FUTCOM
11-Sep-14,2453,61.33,10687.54,FUTCOM
12-Sep-14,1761,44.03,7733.32,FUTCOM
15-Sep-14,2167,54.18,9420.46,FUTCOM
16-Sep-14,1871,46.78,8065.98,FUTCOM
17-Sep-14,944,23.60,4091.85,FUTCOM
18-Sep-14,1388,34.70,5959.22,FUTCOM
19-Sep-14,2879,71.98,12055.98,FUTCOM
22-Sep-14,4344,108.60,17796.78,FUTCOM
23-Sep-14,3005,75.13,12402.93,FUTCOM
24-Sep-14,2727,68.18,11078.06,FUTCOM
25-Sep-14,1675,41.88,6821.38,FUTCOM
26-Sep-14,2742,68.55,11255.90,FUTCOM
29-Sep-14,3142,78.55,12730.40,FUTCOM
30-Sep-14,2511,62.78,10215.38,FUTCOM
01-Oct-14,1386,34.65,5640.74,FUTCOM
03-Oct-14,491,12.28,1983.54,FUTCOM
06-Oct-14,1721,43.03,7059.50,FUTCOM
07-Oct-14,1734,43.35,7114.85,FUTCOM
08-Oct-14,2278,56.95,9306.19,FUTCOM
09-Oct-14,3979,99.48,16322.24,FUTCOM
10-Oct-14,1229,30.73,5014.94,FUTCOM
13-Oct-14,1401,35.03,5711.29,FUTCOM
14-Oct-14,898,22.45,3673.82,FUTCOM
16-Oct-14,1606,40.15,6512.02,FUTCOM
17-Oct-14,1790,44.75,7213.58,FUTCOM
20-Oct-14,2113,52.83,8363.05,FUTCOM
21-Oct-14,2473,61.83,9739.61,FUTCOM
22-Oct-14,2329,58.23,9277.98,FUTCOM
23-Oct-14,932,23.30,3683.02,FUTCOM
24-Oct-14,428,10.70,1704.23,FUTCOM
27-Oct-14,2294,57.35,9132.77,FUTCOM
28-Oct-14,2596,64.90,10322.14,FUTCOM
29-Oct-14,4850,121.25,19513.25,FUTCOM
30-Oct-14,4257,106.43,17106.67,FUTCOM
31-Oct-14,2542,63.55,10077.63,FUTCOM
03-Nov-14,2615,65.38,10262.41,FUTCOM
04-Nov-14,592,14.80,2331.84,FUTCOM
05-Nov-14,2467,61.68,9712.09,FUTCOM
06-Nov-14,1222,30.55,4850.65,FUTCOM
07-Nov-14,1884,47.10,7486.70,FUTCOM
10-Nov-14,4066,101.65,16187.51,FUTCOM
11-Nov-14,2540,63.50,10095.67,FUTCOM
12-Nov-14,2220,55.50,8865.78,FUTCOM
13-Nov-14,2358,58.95,9327.40,FUTCOM
14-Nov-14,2377,59.43,9378.67,FUTCOM
17-Nov-14,1538,38.45,6069.13,FUTCOM
18-Nov-14,3744,93.60,14875.91,FUTCOM
19-Nov-14,2140,53.50,8532.62,FUTCOM
20-Nov-14,3857,96.43,15392.81,FUTCOM
21-Nov-14,3895,97.38,15631.76,FUTCOM
24-Nov-14,3551,88.78,14218.81,FUTCOM
25-Nov-14,3453,86.33,13748.75,FUTCOM
26-Nov-14,3848,96.20,15248.87,FUTCOM
27-Nov-14,2616,65.40,10392.73,FUTCOM
28-Nov-14,3593,89.83,14259.18,FUTCOM
01-Dec-14,1251,31.28,4950.31,FUTCOM
02-Dec-14,962,24.05,3799.87,FUTCOM
03-Dec-14,1806,45.15,7147.47,FUTCOM
04-Dec-14,1207,30.18,4793.24,FUTCOM
05-Dec-14,2011,50.28,7992.31,FUTCOM
08-Dec-14,3304,82.60,13177.05,FUTCOM
09-Dec-14,1231,30.78,4896.18,FUTCOM
10-Dec-14,2098,52.45,8390.06,FUTCOM
11-Dec-14,2736,68.40,10941.24,FUTCOM
12-Dec-14,4517,112.93,18233.12,FUTCOM
15-Dec-14,4566,114.15,18409.11,FUTCOM
16-Dec-14,4660,116.50,18655.53,FUTCOM
17-Dec-14,2251,56.28,8955.01,FUTCOM
18-Dec-14,2249,56.23,8975.38,FUTCOM
19-Dec-14,1912,47.80,7654.55,FUTCOM
22-Dec-14,3389,84.73,13551.09,FUTCOM
23-Dec-14,5000,125.00,20096.34,FUTCOM
24-Dec-14,3970,99.25,15875.55,FUTCOM
26-Dec-14,3222,80.55,12904.73,FUTCOM
29-Dec-14,2710,67.75,10860.56,FUTCOM
30-Dec-14,1938,48.45,7725.12,FUTCOM
31-Dec-14,2475,61.88,9820.50,FUTCOM
01-Jan-15,1707,42.68,6760.40,FUTCOM
02-Jan-15,2766,69.15,10911.42,FUTCOM
05-Jan-15,1547,38.68,6104.11,FUTCOM
06-Jan-15,1294,32.35,5113.33,FUTCOM
07-Jan-15,1524,38.10,6030.54,FUTCOM
08-Jan-15,3855,96.38,15059.40,FUTCOM
09-Jan-15,3357,83.93,12879.36,FUTCOM
12-Jan-15,2784,69.60,10683.32,FUTCOM
13-Jan-15,1498,37.45,5730.38,FUTCOM
14-Jan-15,1994,49.85,7664.59,FUTCOM
15-Jan-15,3021,75.53,11534.84,FUTCOM
16-Jan-15,4656,116.40,17690.65,FUTCOM
19-Jan-15,5724,143.10,21275.20,FUTCOM
20-Jan-15,4215,105.38,15764.83,FUTCOM
21-Jan-15,5330,133.25,19592.59,FUTCOM
22-Jan-15,4194,104.85,15259.09,FUTCOM
23-Jan-15,6237,155.93,22350.45,FUTCOM
27-Jan-15,6432,160.80,23200.84,FUTCOM
28-Jan-15,3923,98.08,14392.88,FUTCOM
29-Jan-15,4756,118.90,17620.82,FUTCOM
30-Jan-15,4922,123.05,18127.49,FUTCOM
02-Feb-15,1470,36.75,5442.49,FUTCOM
03-Feb-15,3300,82.50,12329.96,FUTCOM
04-Feb-15,3099,77.48,11650.30,FUTCOM
05-Feb-15,2749,68.73,10234.58,FUTCOM
06-Feb-15,2209,55.23,8267.91,FUTCOM
09-Feb-15,2882,72.05,10681.51,FUTCOM
10-Feb-15,3342,83.55,12477.49,FUTCOM
11-Feb-15,2025,50.63,7545.56,FUTCOM
12-Feb-15,2395,59.88,8922.67,FUTCOM
13-Feb-15,1968,49.20,7370.31,FUTCOM
16-Feb-15,2016,50.40,7594.08,FUTCOM
17-Feb-15,1249,31.23,4685.63,FUTCOM
18-Feb-15,5460,136.50,20782.92,FUTCOM
19-Feb-15,3562,89.05,13643.21,FUTCOM
20-Feb-15,5263,131.58,20117.44,FUTCOM
23-Feb-15,6147,153.68,23252.35,FUTCOM
24-Feb-15,3446,86.15,13027.52,FUTCOM
25-Feb-15,3767,94.18,14307.54,FUTCOM
26-Feb-15,3792,94.80,14463.23,FUTCOM
27-Feb-15,2669,66.73,10165.41,FUTCOM
28-Feb-15,746,18.65,2836.34,FUTCOM
02-Mar-15,1875,46.88,7138.94,FUTCOM
03-Mar-15,1575,39.38,5987.29,FUTCOM
04-Mar-15,2667,66.68,10063.12,FUTCOM
05-Mar-15,1801,45.03,6788.95,FUTCOM
06-Mar-15,396,9.90,1482.23,FUTCOM
09-Mar-15,1399,34.98,5291.24,FUTCOM
10-Mar-15,1582,39.55,5953.78,FUTCOM
11-Mar-15,2392,59.80,8979.68,FUTCOM
12-Mar-15,4582,114.55,17250.66,FUTCOM
13-Mar-15,2288,57.20,8653.26,FUTCOM
16-Mar-15,3951,98.78,15030.23,FUTCOM
17-Mar-15,2071,51.78,7815.69,FUTCOM
18-Mar-15,2577,64.43,9601.77,FUTCOM
19-Mar-15,3161,79.03,11892.64,FUTCOM
20-Mar-15,1546,38.65,5809.53,FUTCOM
23-Mar-15,5754,143.85,21859.06,FUTCOM
24-Mar-15,5623,140.58,21611.63,FUTCOM
25-Mar-15,6057,151.43,23340.98,FUTCOM
26-Mar-15,5289,132.23,20529.20,FUTCOM
27-Mar-15,5246,131.15,20418.85,FUTCOM
30-Mar-15,5114,127.85,20095.60,FUTCOM
31-Mar-15,6960,174.00,26978.36,FUTCOM
01-Apr-15,1456,36.40,5700.15,FUTCOM
02-Apr-15,926,23.15,3612.33,FUTCOM
06-Apr-15,6922,173.05,27788.37,FUTCOM
07-Apr-15,4809,120.23,19403.52,FUTCOM
08-Apr-15,5011,125.28,20363.99,FUTCOM
09-Apr-15,2749,68.73,11101.58,FUTCOM
10-Apr-15,3946,98.65,15768.59,FUTCOM
13-Apr-15,3802,95.05,15163.65,FUTCOM
14-Apr-15,611,15.28,2429.24,FUTCOM
15-Apr-15,3150,78.75,12492.63,FUTCOM
16-Apr-15,6872,171.80,26871.83,FUTCOM
17-Apr-15,4634,115.85,18051.54,FUTCOM
20-Apr-15,2373,59.33,9231.73,FUTCOM
21-Apr-15,1923,48.08,7489.57,FUTCOM
22-Apr-15,4770,119.25,18828.57,FUTCOM
23-Apr-15,6467,161.68,25900.41,FUTCOM
24-Apr-15,6452,161.30,26120.48,FUTCOM
27-Apr-15,6503,162.58,26810.31,FUTCOM
28-Apr-15,5714,142.85,23371.65,FUTCOM
29-Apr-15,3846,96.15,15741.49,FUTCOM
30-Apr-15,4990,124.75,20773.87,FUTCOM
01-May-15,3850,96.25,16149.21,FUTCOM
04-May-15,1207,30.18,5068.32,FUTCOM
05-May-15,4712,117.80,19952.25,FUTCOM
06-May-15,3428,85.70,14422.29,FUTCOM
07-May-15,3024,75.60,12622.82,FUTCOM
08-May-15,2966,74.15,12310.00,FUTCOM
11-May-15,4124,103.10,17133.47,FUTCOM
12-May-15,2445,61.13,10100.92,FUTCOM
13-May-15,3154,78.85,13013.61,FUTCOM
14-May-15,2931,73.28,12145.37,FUTCOM
15-May-15,2686,67.15,11176.65,FUTCOM
18-May-15,3532,88.30,14594.23,FUTCOM
19-May-15,2261,56.53,9239.43,FUTCOM
20-May-15,2294,57.35,9333.07,FUTCOM
21-May-15,3081,77.03,12490.87,FUTCOM
22-May-15,3870,96.75,15498.54,FUTCOM
25-May-15,6646,166.15,26403.06,FUTCOM
26-May-15,7955,198.88,32052.58,FUTCOM
27-May-15,2079,51.98,8376.95,FUTCOM
28-May-15,1375,34.38,5534.93,FUTCOM
29-May-15,4995,124.88,20391.28,FUTCOM
01-Jun-15,2829,70.73,11667.32,FUTCOM
02-Jun-15,2122,53.05,8711.45,FUTCOM
03-Jun-15,2097,52.43,8633.89,FUTCOM
04-Jun-15,2408,60.20,9966.34,FUTCOM
05-Jun-15,2528,63.20,10332.52,FUTCOM
08-Jun-15,1819,45.48,7387.02,FUTCOM
09-Jun-15,880,22.00,3592.12,FUTCOM
10-Jun-15,879,21.98,3594.40,FUTCOM
11-Jun-15,1619,40.48,6568.72,FUTCOM
12-Jun-15,2702,67.55,10884.71,FUTCOM
15-Jun-15,2600,65.00,10431.77,FUTCOM
16-Jun-15,2649,66.23,10641.83,FUTCOM
17-Jun-15,1276,31.90,5141.16,FUTCOM
18-Jun-15,1063,26.58,4277.04,FUTCOM
19-Jun-15,2134,53.35,8551.08,FUTCOM
22-Jun-15,2183,54.58,8626.53,FUTCOM
23-Jun-15,2313,57.83,9129.56,FUTCOM
24-Jun-15,4283,107.08,16798.68,FUTCOM
25-Jun-15,2814,70.35,11097.68,FUTCOM
26-Jun-15,4132,103.30,16426.79,FUTCOM
29-Jun-15,2527,63.18,10245.33,FUTCOM
30-Jun-15,3533,88.33,14217.55,FUTCOM
01-Jul-15,2221,55.53,9083.34,FUTCOM
02-Jul-15,806,20.15,3277.48,FUTCOM
03-Jul-15,603,15.08,2454.87,FUTCOM
06-Jul-15,620,15.50,2521.74,FUTCOM
07-Jul-15,1171,29.28,4730.97,FUTCOM
08-Jul-15,1919,47.98,7643.76,FUTCOM
09-Jul-15,927,23.18,3717.69,FUTCOM
10-Jul-15,1038,25.95,4161.62,FUTCOM
13-Jul-15,847,21.18,3396.60,FUTCOM
14-Jul-15,682,17.05,2753.56,FUTCOM
15-Jul-15,518,12.95,2072.30,FUTCOM
16-Jul-15,728,18.20,2928.11,FUTCOM
17-Jul-15,648,16.20,2614.75,FUTCOM
20-Jul-15,592,14.80,2376.10,FUTCOM
21-Jul-15,1117,27.93,4453.13,FUTCOM
22-Jul-15,1289,32.23,5149.80,FUTCOM
23-Jul-15,879,21.98,3500.02,FUTCOM
24-Jul-15,1795,44.88,7135.32,FUTCOM
27-Jul-15,2871,71.78,11306.37,FUTCOM
28-Jul-15,1282,32.05,4969.52,FUTCOM
29-Jul-15,801,20.03,3082.47,FUTCOM
30-Jul-15,987,24.68,3886.02,FUTCOM
31-Jul-15,1420,35.50,5470.91,FUTCOM
03-Aug-15,869,21.73,3428.67,FUTCOM
04-Aug-15,548,13.70,2161.75,FUTCOM
05-Aug-15,766,19.15,3049.87,FUTCOM
06-Aug-15,678,16.95,2687.76,FUTCOM
07-Aug-15,910,22.75,3572.28,FUTCOM
10-Aug-15,855,21.38,3342.97,FUTCOM
11-Aug-15,680,17.00,2662.07,FUTCOM
12-Aug-15,560,14.00,2186.91,FUTCOM
13-Aug-15,3823,95.58,15284.09,FUTCOM
14-Aug-15,2274,56.85,9215.18,FUTCOM
17-Aug-15,1275,31.88,5214.44,FUTCOM
18-Aug-15,1535,38.38,6243.77,FUTCOM
19-Aug-15,2292,57.30,9403.57,FUTCOM
20-Aug-15,1488,37.20,6097.90,FUTCOM
21-Aug-15,1488,37.20,6131.13,FUTCOM
24-Aug-15,1962,49.05,7983.47,FUTCOM
25-Aug-15,990,24.75,4006.07,FUTCOM
26-Aug-15,733,18.33,2945.56,FUTCOM
27-Aug-15,466,11.65,1875.06,FUTCOM
28-Aug-15,537,13.43,2173.91,FUTCOM
31-Aug-15,1076,26.90,4406.12,FUTCOM
01-Sep-15,1057,26.43,4325.18,FUTCOM
02-Sep-15,1967,49.18,8088.38,FUTCOM
03-Sep-15,1085,27.13,4454.18,FUTCOM
04-Sep-15,1100,27.50,4506.13,FUTCOM
07-Sep-15,990,24.75,4068.51,FUTCOM
08-Sep-15,952,23.80,3891.30,FUTCOM
09-Sep-15,1260,31.50,5119.30,FUTCOM
10-Sep-15,395,9.88,1606.08,FUTCOM
11-Sep-15,617,15.43,2490.55,FUTCOM
14-Sep-15,1060,26.50,4267.48,FUTCOM
15-Sep-15,1146,28.65,4585.43,FUTCOM
16-Sep-15,1343,33.58,5340.17,FUTCOM
17-Sep-15,398,9.95,1594.02,FUTCOM
18-Sep-15,1275,31.88,5059.52,FUTCOM
21-Sep-15,1775,44.38,6977.69,FUTCOM
22-Sep-15,1130,28.25,4419.51,FUTCOM
23-Sep-15,744,18.60,2915.02,FUTCOM
24-Sep-15,917,22.93,3572.46,FUTCOM
25-Sep-15,308,7.70,1200.88,FUTCOM
28-Sep-15,786,19.65,3052.46,FUTCOM
29-Sep-15,2168,54.20,8563.90,FUTCOM
30-Sep-15,2289,57.23,8918.06,FUTCOM
01-Oct-15,1800,45.00,6997.62,FUTCOM
05-Oct-15,2984,74.60,11694.38,FUTCOM
06-Oct-15,2078,51.95,8231.45,FUTCOM
07-Oct-15,2489,62.23,9869.50,FUTCOM
08-Oct-15,1829,45.73,7208.96,FUTCOM
09-Oct-15,2473,61.83,9763.02,FUTCOM
12-Oct-15,4501,112.53,17895.82,FUTCOM
13-Oct-15,2936,73.40,11764.87,FUTCOM
14-Oct-15,3770,94.25,15188.86,FUTCOM
15-Oct-15,2848,71.20,11397.92,FUTCOM
16-Oct-15,2030,50.75,8111.22,FUTCOM
19-Oct-15,3293,82.33,13170.31,FUTCOM
20-Oct-15,1962,49.05,7875.02,FUTCOM
21-Oct-15,2646,66.15,10629.48,FUTCOM
22-Oct-15,1546,38.65,6241.52,FUTCOM
23-Oct-15,2951,73.78,11838.57,FUTCOM
26-Oct-15,2463,61.58,9760.06,FUTCOM
27-Oct-15,2587,64.68,10204.00,FUTCOM
28-Oct-15,2759,68.98,10911.60,FUTCOM
29-Oct-15,1813,45.33,7164.54,FUTCOM
30-Oct-15,2998,74.95,11869.74,FUTCOM
02-Nov-15,1955,48.88,7768.50,FUTCOM
03-Nov-15,2749,68.73,10971.82,FUTCOM
04-Nov-15,2569,64.23,10241.28,FUTCOM
05-Nov-15,2316,57.90,9246.41,FUTCOM
06-Nov-15,911,22.78,3637.81,FUTCOM
09-Nov-15,2541,63.53,10064.32,FUTCOM
10-Nov-15,1929,48.23,7645.57,FUTCOM
11-Nov-15,488,12.20,1935.40,FUTCOM
12-Nov-15,839,20.98,3315.41,FUTCOM
13-Nov-15,2306,57.65,9074.55,FUTCOM
16-Nov-15,1625,40.63,6381.97,FUTCOM
17-Nov-15,2620,65.50,10377.43,FUTCOM
18-Nov-15,2591,64.78,10295.30,FUTCOM
19-Nov-15,3285,82.13,13078.85,FUTCOM
20-Nov-15,2826,70.65,11252.07,FUTCOM
23-Nov-15,1890,47.25,7488.65,FUTCOM
24-Nov-15,1096,27.40,4338.07,FUTCOM
25-Nov-15,779,19.48,3081.98,FUTCOM
26-Nov-15,2086,52.15,8324.51,FUTCOM
27-Nov-15,3514,87.85,14085.93,FUTCOM
30-Nov-15,5807,145.18,23406.35,FUTCOM
01-Dec-15,2264,56.60,9084.93,FUTCOM
02-Dec-15,2509,62.73,10085.04,FUTCOM
03-Dec-15,2045,51.13,8251.87,FUTCOM
04-Dec-15,2681,67.03,10892.79,FUTCOM
07-Dec-15,2249,56.23,9133.91,FUTCOM
08-Dec-15,1523,38.08,6174.15,FUTCOM
09-Dec-15,2969,74.23,12125.99,FUTCOM
10-Dec-15,2660,66.50,10873.03,FUTCOM
11-Dec-15,2571,64.28,10441.53,FUTCOM
14-Dec-15,3517,87.93,14472.73,FUTCOM
15-Dec-15,3857,96.43,15836.06,FUTCOM
16-Dec-15,7610,190.25,31292.04,FUTCOM
17-Dec-15,5155,128.88,21264.50,FUTCOM
18-Dec-15,5903,147.58,24255.28,FUTCOM
21-Dec-15,10288,257.20,42941.70,FUTCOM
22-Dec-15,5103,127.58,21059.73,FUTCOM
23-Dec-15,5069,126.73,20770.18,FUTCOM
24-Dec-15,1289,32.23,5286.53,FUTCOM
28-Dec-15,8544,213.60,35492.89,FUTCOM
29-Dec-15,5515,137.88,22946.27,FUTCOM
30-Dec-15,4856,121.40,20140.45,FUTCOM
31-Dec-15,2707,67.68,11238.52,FUTCOM
01-Jan-16,4208,105.20,17650.49,FUTCOM
04-Jan-16,6062,151.55,25324.90,FUTCOM
05-Jan-16,4328,108.20,17979.32,FUTCOM
06-Jan-16,4423,110.58,18385.16,FUTCOM
07-Jan-16,7885,197.13,32552.84,FUTCOM
08-Jan-16,4631,115.78,18998.71,FUTCOM
11-Jan-16,8515,212.88,34612.58,FUTCOM
12-Jan-16,4678,116.95,19050.66,FUTCOM
13-Jan-16,4759,118.98,19502.18,FUTCOM
14-Jan-16,3628,90.70,14905.92,FUTCOM
15-Jan-16,5453,136.33,22424.17,FUTCOM
18-Jan-16,6105,152.63,25356.04,FUTCOM
19-Jan-16,8220,205.50,34305.51,FUTCOM
20-Jan-16,7341,183.53,30737.62,FUTCOM
21-Jan-16,6677,166.93,27789.78,FUTCOM
22-Jan-16,4256,106.40,17748.57,FUTCOM
25-Jan-16,4886,122.15,20290.26,FUTCOM
27-Jan-16,5621,140.53,23201.08,FUTCOM
28-Jan-16,5977,149.43,24751.16,FUTCOM
29-Jan-16,5810,145.25,24135.06,FUTCOM
01-Feb-16,3462,86.55,14299.08,FUTCOM
02-Feb-16,3078,76.95,12720.25,FUTCOM
03-Feb-16,4284,107.10,17774.13,FUTCOM
04-Feb-16,3093,77.33,12800.45,FUTCOM
05-Feb-16,5526,138.15,22708.46,FUTCOM
08-Feb-16,4440,111.00,18077.08,FUTCOM
09-Feb-16,10645,266.13,43016.00,FUTCOM
10-Feb-16,3366,84.15,13582.26,FUTCOM
11-Feb-16,3888,97.20,15678.83,FUTCOM
12-Feb-16,3042,76.05,12304.01,FUTCOM
15-Feb-16,4652,116.30,18984.28,FUTCOM
16-Feb-16,4730,118.25,19434.98,FUTCOM
17-Feb-16,4632,115.80,19107.31,FUTCOM
18-Feb-16,3389,84.73,14025.74,FUTCOM
19-Feb-16,3377,84.43,13921.26,FUTCOM
22-Feb-16,4333,108.33,17778.37,FUTCOM
23-Feb-16,5111,127.78,20759.07,FUTCOM
24-Feb-16,7195,179.88,29040.16,FUTCOM
25-Feb-16,5801,145.03,23441.97,FUTCOM
26-Feb-16,6445,161.13,26112.54,FUTCOM
29-Feb-16,6344,158.60,25645.02,FUTCOM
01-Mar-16,3591,89.78,14405.86,FUTCOM
02-Mar-16,3487,87.18,13875.71,FUTCOM
03-Mar-16,2498,62.45,9923.15,FUTCOM
04-Mar-16,1771,44.28,7049.89,FUTCOM
07-Mar-16,1471,36.78,5899.26,FUTCOM
08-Mar-16,2796,69.90,11181.36,FUTCOM
09-Mar-16,1479,36.98,5888.38,FUTCOM
10-Mar-16,1926,48.15,7671.97,FUTCOM
11-Mar-16,1727,43.18,6881.73,FUTCOM
14-Mar-16,2666,66.65,10630.41,FUTCOM
15-Mar-16,3475,86.88,13806.27,FUTCOM
16-Mar-16,2861,71.53,11355.92,FUTCOM
17-Mar-16,3169,79.23,12598.21,FUTCOM
18-Mar-16,2940,73.50,11685.60,FUTCOM
21-Mar-16,4676,116.90,18591.50,FUTCOM
22-Mar-16,5544,138.60,22123.84,FUTCOM
23-Mar-16,5144,128.60,20655.88,FUTCOM
24-Mar-16,1432,35.80,5794.17,FUTCOM
28-Mar-16,5648,141.20,22785.21,FUTCOM
29-Mar-16,2246,56.15,8975.81,FUTCOM
30-Mar-16,1873,46.83,7478.54,FUTCOM
31-Mar-16,3542,88.55,14072.74,FUTCOM
01-Apr-16,2272,56.80,9164.22,FUTCOM
04-Apr-16,2733,68.33,11220.48,FUTCOM
05-Apr-16,2362,59.05,9711.70,FUTCOM
06-Apr-16,3404,85.10,14068.89,FUTCOM
07-Apr-16,2217,55.43,9164.29,FUTCOM
08-Apr-16,4358,108.95,18222.11,FUTCOM
11-Apr-16,6842,171.05,29312.41,FUTCOM
12-Apr-16,5766,144.15,24624.34,FUTCOM
13-Apr-16,4494,112.35,19322.80,FUTCOM
14-Apr-16,2593,64.83,11051.94,FUTCOM
15-Apr-16,3544,88.60,14907.38,FUTCOM
18-Apr-16,6081,152.03,26041.47,FUTCOM
19-Apr-16,2603,65.08,11193.94,FUTCOM
20-Apr-16,5454,136.35,23422.45,FUTCOM
21-Apr-16,8877,221.93,38622.26,FUTCOM
22-Apr-16,6054,151.35,26239.90,FUTCOM
25-Apr-16,3903,97.58,16977.63,FUTCOM
26-Apr-16,3807,95.18,16666.75,FUTCOM
27-Apr-16,2310,57.75,10073.42,FUTCOM
28-Apr-16,4132,103.30,18092.77,FUTCOM
29-Apr-16,4061,101.53,17741.87,FUTCOM
02-May-16,3158,78.95,13980.79,FUTCOM
03-May-16,5244,131.10,23178.01,FUTCOM
04-May-16,2512,62.80,11017.24,FUTCOM
05-May-16,3280,82.00,14506.62,FUTCOM
06-May-16,2509,62.73,11034.91,FUTCOM
09-May-16,3832,95.80,16717.51,FUTCOM
10-May-16,3178,79.45,13764.55,FUTCOM
11-May-16,3203,80.08,13793.68,FUTCOM
12-May-16,2309,57.73,9960.37,FUTCOM
13-May-16,1447,36.18,6232.72,FUTCOM
16-May-16,2702,67.55,11708.12,FUTCOM
17-May-16,4095,102.38,17859.26,FUTCOM
18-May-16,2726,68.15,11900.49,FUTCOM
19-May-16,3056,76.40,13309.83,FUTCOM
20-May-16,2270,56.75,9905.79,FUTCOM
23-May-16,3862,96.55,16945.59,FUTCOM
24-May-16,6876,171.90,30270.26,FUTCOM
25-May-16,5976,149.40,26609.40,FUTCOM
26-May-16,5174,129.35,23244.66,FUTCOM
27-May-16,3902,97.55,17643.12,FUTCOM
30-May-16,4198,104.95,19234.64,FUTCOM
31-May-16,4135,103.38,18828.34,FUTCOM
01-Jun-16,2474,61.85,11188.55,FUTCOM
02-Jun-16,2036,50.90,9242.85,FUTCOM
03-Jun-16,3368,84.20,15387.29,FUTCOM
06-Jun-16,7396,184.90,34582.97,FUTCOM
07-Jun-16,5857,146.43,27586.35,FUTCOM
08-Jun-16,6276,156.90,29854.56,FUTCOM
09-Jun-16,5401,135.03,25472.80,FUTCOM
10-Jun-16,5484,137.10,25902.25,FUTCOM
13-Jun-16,7634,190.85,37079.16,FUTCOM
14-Jun-16,5126,128.15,24733.06,FUTCOM
15-Jun-16,6198,154.95,30232.76,FUTCOM
16-Jun-16,10621,265.53,51360.38,FUTCOM
17-Jun-16,6455,161.38,31464.05,FUTCOM
20-Jun-16,3668,91.70,17811.69,FUTCOM
21-Jun-16,4588,114.70,21990.09,FUTCOM
22-Jun-16,4289,107.23,20478.14,FUTCOM
23-Jun-16,3518,87.95,16979.62,FUTCOM
24-Jun-16,2619,65.48,12592.95,FUTCOM
27-Jun-16,3366,84.15,16444.43,FUTCOM
28-Jun-16,4694,117.35,23175.61,FUTCOM
29-Jun-16,3874,96.85,19391.30,FUTCOM
30-Jun-16,7054,176.35,35728.97,FUTCOM
01-Jul-16,3921,98.03,19612.91,FUTCOM
04-Jul-16,3651,91.28,18460.45,FUTCOM
05-Jul-16,4339,108.48,22224.83,FUTCOM
06-Jul-16,2561,64.03,13254.01,FUTCOM
07-Jul-16,5484,137.10,28980.76,FUTCOM
08-Jul-16,4639,115.98,24424.75,FUTCOM
11-Jul-16,3694,92.35,19457.51,FUTCOM
12-Jul-16,4669,116.73,24790.57,FUTCOM
13-Jul-16,7179,179.48,39489.66,FUTCOM
14-Jul-16,13197,329.93,73812.72,FUTCOM
15-Jul-16,11882,297.05,67469.32,FUTCOM
18-Jul-16,8231,205.78,46630.49,FUTCOM
19-Jul-16,9370,234.25,51540.49,FUTCOM
20-Jul-16,8158,203.95,43874.14,FUTCOM
21-Jul-16,8851,221.28,47970.86,FUTCOM
22-Jul-16,7421,185.53,40826.26,FUTCOM
25-Jul-16,5442,136.05,29213.28,FUTCOM
26-Jul-16,4665,116.63,25213.47,FUTCOM
27-Jul-16,4738,118.45,25704.53,FUTCOM
28-Jul-16,4938,123.45,26651.29,FUTCOM
29-Jul-16,5254,131.35,28083.07,FUTCOM
01-Aug-16,3428,85.70,18553.54,FUTCOM
02-Aug-16,4670,116.75,25490.75,FUTCOM
03-Aug-16,3799,94.98,20718.30,FUTCOM
04-Aug-16,6786,169.65,37257.33,FUTCOM
05-Aug-16,6015,150.38,33382.20,FUTCOM
08-Aug-16,4768,119.20,26268.14,FUTCOM
09-Aug-16,5429,135.73,29152.23,FUTCOM
10-Aug-16,5906,147.65,31097.83,FUTCOM
11-Aug-16,3805,95.13,20300.47,FUTCOM
12-Aug-16,2048,51.20,10896.06,FUTCOM
16-Aug-16,4977,124.43,25493.42,FUTCOM
17-Aug-16,3735,93.38,19109.75,FUTCOM
18-Aug-16,1317,32.93,6804.61,FUTCOM
19-Aug-16,5548,138.70,27978.27,FUTCOM
22-Aug-16,2833,70.83,14188.88,FUTCOM
23-Aug-16,2765,69.13,13952.96,FUTCOM
24-Aug-16,3018,75.45,14935.01,FUTCOM
25-Aug-16,3154,78.85,15517.30,FUTCOM
26-Aug-16,2078,51.95,10368.14,FUTCOM
29-Aug-16,3417,85.43,16839.80,FUTCOM
30-Aug-16,3281,82.03,15908.42,FUTCOM
31-Aug-16,2750,68.75,13249.54,FUTCOM
01-Sep-16,3367,84.18,16244.71,FUTCOM
02-Sep-16,5017,125.43,24587.87,FUTCOM
05-Sep-16,3154,78.85,15063.49,FUTCOM
06-Sep-16,2867,71.68,13826.39,FUTCOM
07-Sep-16,1775,44.38,8556.98,FUTCOM
08-Sep-16,3440,86.00,16788.02,FUTCOM
09-Sep-16,2190,54.75,10747.51,FUTCOM
12-Sep-16,3473,86.83,17211.33,FUTCOM
13-Sep-16,2598,64.95,12815.32,FUTCOM
14-Sep-16,4144,103.60,20430.46,FUTCOM
15-Sep-16,2856,71.40,14191.01,FUTCOM
16-Sep-16,1685,42.13,8361.66,FUTCOM
19-Sep-16,3868,96.70,19494.64,FUTCOM
20-Sep-16,4387,109.68,21787.84,FUTCOM
21-Sep-16,4716,117.90,23462.94,FUTCOM
22-Sep-16,4160,104.00,20855.08,FUTCOM
23-Sep-16,6926,173.15,34211.16,FUTCOM
26-Sep-16,3651,91.28,17849.91,FUTCOM
27-Sep-16,2301,57.53,11359.79,FUTCOM
28-Sep-16,4330,108.25,20947.51,FUTCOM
29-Sep-16,3738,93.45,18041.69,FUTCOM
30-Sep-16,1889,47.23,9076.24,FUTCOM
03-Oct-16,4775,119.38,23129.79,FUTCOM
04-Oct-16,3309,82.73,16143.56,FUTCOM
05-Oct-16,3090,77.25,15039.16,FUTCOM
06-Oct-16,4305,107.63,20766.63,FUTCOM
07-Oct-16,3244,81.10,15405.72,FUTCOM
10-Oct-16,5657,141.43,26823.93,FUTCOM
11-Oct-16,1097,27.43,5223.79,FUTCOM
12-Oct-16,2327,58.18,10959.30,FUTCOM
13-Oct-16,6982,174.55,32784.55,FUTCOM
14-Oct-16,5603,140.08,26786.97,FUTCOM
17-Oct-16,5299,132.48,25330.71,FUTCOM
18-Oct-16,4379,109.48,20990.15,FUTCOM
19-Oct-16,5278,131.95,25052.54,FUTCOM
20-Oct-16,7665,191.63,36412.01,FUTCOM
21-Oct-16,4801,120.03,22582.75,FUTCOM
24-Oct-16,6100,152.50,28214.88,FUTCOM
25-Oct-16,6417,160.43,29747.62,FUTCOM
26-Oct-16,2887,72.18,13372.24,FUTCOM
27-Oct-16,3079,76.98,14330.09,FUTCOM
28-Oct-16,3182,79.55,14843.36,FUTCOM
30-Oct-16,961,24.03,4498.93,FUTCOM
31-Oct-16,1296,32.40,6030.01,FUTCOM
01-Nov-16,2835,70.88,13052.48,FUTCOM
02-Nov-16,2667,66.68,12271.54,FUTCOM
03-Nov-16,2812,70.30,12981.85,FUTCOM
04-Nov-16,2922,73.05,13485.59,FUTCOM
07-Nov-16,2954,73.85,13618.08,FUTCOM
08-Nov-16,4607,115.18,21279.78,FUTCOM
09-Nov-16,2810,70.25,12972.99,FUTCOM
10-Nov-16,4963,124.08,23168.52,FUTCOM
11-Nov-16,7888,197.20,37648.78,FUTCOM
14-Nov-16,1164,29.10,5476.05,FUTCOM
15-Nov-16,2615,65.38,12397.70,FUTCOM
16-Nov-16,3635,90.88,17354.63,FUTCOM
17-Nov-16,3695,92.38,17852.64,FUTCOM
18-Nov-16,3762,94.05,18214.07,FUTCOM
21-Nov-16,3246,81.15,15662.42,FUTCOM
22-Nov-16,3483,87.08,16677.09,FUTCOM
23-Nov-16,3153,78.83,15084.82,FUTCOM
24-Nov-16,1802,45.05,8640.91,FUTCOM
25-Nov-16,2627,65.68,12500.51,FUTCOM
28-Nov-16,2656,66.40,12765.24,FUTCOM
29-Nov-16,2455,61.38,11781.40,FUTCOM
30-Nov-16,2080,52.00,9934.77,FUTCOM
01-Dec-16,1676,41.90,8031.80,FUTCOM
02-Dec-16,1714,42.85,8204.10,FUTCOM
05-Dec-16,1658,41.45,7948.12,FUTCOM
06-Dec-16,1900,47.50,9046.91,FUTCOM
07-Dec-16,2592,64.80,12230.19,FUTCOM
08-Dec-16,3013,75.33,14179.97,FUTCOM
09-Dec-16,1689,42.23,7984.55,FUTCOM
12-Dec-16,684,17.10,3231.22,FUTCOM
13-Dec-16,2924,73.10,13917.64,FUTCOM
14-Dec-16,2251,56.28,10746.35,FUTCOM
15-Dec-16,2386,59.65,11399.01,FUTCOM
16-Dec-16,1729,43.23,8272.51,FUTCOM
19-Dec-16,3940,98.50,18701.65,FUTCOM
20-Dec-16,3404,85.10,15996.36,FUTCOM
21-Dec-16,4521,113.03,21414.91,FUTCOM
22-Dec-16,2142,53.55,10186.64,FUTCOM
23-Dec-16,2495,62.38,11867.16,FUTCOM
26-Dec-16,4420,110.50,21117.81,FUTCOM
27-Dec-16,4329,108.23,20750.07,FUTCOM
28-Dec-16,3344,83.60,16100.23,FUTCOM
29-Dec-16,3889,97.23,18723.08,FUTCOM
30-Dec-16,1583,39.58,7641.94,FUTCOM
02-Jan-17,2551,63.78,12458.52,FUTCOM
03-Jan-17,4719,117.98,23307.63,FUTCOM
04-Jan-17,5722,143.05,28213.46,FUTCOM
05-Jan-17,7651,191.28,38394.46,FUTCOM
06-Jan-17,4300,107.50,21535.42,FUTCOM
09-Jan-17,5466,136.65,27625.32,FUTCOM
10-Jan-17,5777,144.43,29203.75,FUTCOM
11-Jan-17,6866,171.65,35109.60,FUTCOM
12-Jan-17,5680,142.00,29118.32,FUTCOM
13-Jan-17,7676,191.90,38747.32,FUTCOM
16-Jan-17,5222,130.55,26052.88,FUTCOM
17-Jan-17,5338,133.45,26865.30,FUTCOM
18-Jan-17,6338,158.45,32008.77,FUTCOM
19-Jan-17,5863,146.58,29824.56,FUTCOM
20-Jan-17,5648,141.20,28700.64,FUTCOM
23-Jan-17,7691,192.28,39436.61,FUTCOM
24-Jan-17,10262,256.55,53097.42,FUTCOM
25-Jan-17,6804,170.10,34716.51,FUTCOM
27-Jan-17,4454,111.35,22835.64,FUTCOM
30-Jan-17,6983,174.58,35795.38,FUTCOM
31-Jan-17,3974,99.35,20178.68,FUTCOM
01-Feb-17,3546,88.65,18254.07,FUTCOM
02-Feb-17,7011,175.28,36549.40,FUTCOM
03-Feb-17,3351,83.78,17441.56,FUTCOM
06-Feb-17,3791,94.78,19634.28,FUTCOM
07-Feb-17,2914,72.85,15064.34,FUTCOM
08-Feb-17,2986,74.65,15446.05,FUTCOM
09-Feb-17,2399,59.98,12434.27,FUTCOM
10-Feb-17,3966,99.15,20663.30,FUTCOM
13-Feb-17,6434,160.85,33560.61,FUTCOM
14-Feb-17,6158,153.95,32091.69,FUTCOM
15-Feb-17,2962,74.05,15469.64,FUTCOM
16-Feb-17,2896,72.40,15093.91,FUTCOM
17-Feb-17,8754,218.85,45226.89,FUTCOM
20-Feb-17,5851,146.28,30024.59,FUTCOM
21-Feb-17,4496,112.40,23310.44,FUTCOM
22-Feb-17,5635,140.88,29320.98,FUTCOM
23-Feb-17,8327,208.18,43451.65,FUTCOM
24-Feb-17,3775,94.38,19995.86,FUTCOM
27-Feb-17,4840,121.00,25612.22,FUTCOM
28-Feb-17,4350,108.75,22947.57,FUTCOM
01-Mar-17,3166,79.15,16608.56,FUTCOM
02-Mar-17,7758,193.95,41137.28,FUTCOM
03-Mar-17,4962,124.05,26281.84,FUTCOM
06-Mar-17,7148,178.70,38425.09,FUTCOM
07-Mar-17,7415,185.38,40042.14,FUTCOM
08-Mar-17,6954,173.85,37426.47,FUTCOM
09-Mar-17,7738,193.45,41547.50,FUTCOM
10-Mar-17,6485,162.13,34428.16,FUTCOM
13-Mar-17,1077,26.93,5715.17,FUTCOM
14-Mar-17,5035,125.88,26603.41,FUTCOM
15-Mar-17,6083,152.08,32319.23,FUTCOM
16-Mar-17,5463,136.58,29354.49,FUTCOM
17-Mar-17,4401,110.03,23649.26,FUTCOM
20-Mar-17,5661,141.53,30647.79,FUTCOM
21-Mar-17,6421,160.53,34429.74,FUTCOM
22-Mar-17,7087,177.18,38039.96,FUTCOM
23-Mar-17,6378,159.45,34467.75,FUTCOM
24-Mar-17,5667,141.68,30442.54,FUTCOM
27-Mar-17,5758,143.95,30762.76,FUTCOM
28-Mar-17,5157,128.93,27429.10,FUTCOM
29-Mar-17,4157,103.93,22059.95,FUTCOM
30-Mar-17,5542,138.55,29098.99,FUTCOM
31-Mar-17,2903,72.58,15312.04,FUTCOM
03-Apr-17,5590,139.75,29876.40,FUTCOM
04-Apr-17,3088,77.20,16284.74,FUTCOM
05-Apr-17,3190,79.75,16839.48,FUTCOM
06-Apr-17,4709,117.73,24752.67,FUTCOM
07-Apr-17,6391,159.78,33335.91,FUTCOM
10-Apr-17,3152,78.80,16439.71,FUTCOM
11-Apr-17,4233,105.83,22243.17,FUTCOM
12-Apr-17,3346,83.65,17426.72,FUTCOM
13-Apr-17,4982,124.55,25918.12,FUTCOM
17-Apr-17,4418,110.45,22897.50,FUTCOM
18-Apr-17,4248,106.20,22175.04,FUTCOM
19-Apr-17,6475,161.88,33927.47,FUTCOM
20-Apr-17,7667,191.68,40764.96,FUTCOM
21-Apr-17,6051,151.28,32315.80,FUTCOM
24-Apr-17,4553,113.83,24079.41,FUTCOM
25-Apr-17,5594,139.85,29278.51,FUTCOM
26-Apr-17,3033,75.83,15968.02,FUTCOM
27-Apr-17,3961,99.03,20765.93,FUTCOM
28-Apr-17,3222,80.55,16773.53,FUTCOM
01-May-17,1639,40.98,8522.59,FUTCOM
02-May-17,3778,94.45,19529.54,FUTCOM
03-May-17,4120,103.00,21309.05,FUTCOM
04-May-17,3356,83.90,17364.36,FUTCOM
05-May-17,3267,81.68,16977.02,FUTCOM
08-May-17,2927,73.18,15096.18,FUTCOM
09-May-17,2865,71.63,14834.57,FUTCOM
10-May-17,2078,51.95,10779.00,FUTCOM
11-May-17,5789,144.73,30047.49,FUTCOM
12-May-17,8511,212.78,44920.27,FUTCOM
15-May-17,9652,241.30,51679.57,FUTCOM
16-May-17,4628,115.70,24627.99,FUTCOM
17-May-17,4233,105.83,22569.24,FUTCOM
18-May-17,3368,84.20,17905.10,FUTCOM
19-May-17,3723,93.08,19689.77,FUTCOM
22-May-17,4035,100.88,21220.46,FUTCOM
23-May-17,3596,89.90,18753.77,FUTCOM
24-May-17,3692,92.30,19347.52,FUTCOM
25-May-17,4676,116.90,24508.52,FUTCOM
26-May-17,3337,83.43,17556.89,FUTCOM
29-May-17,2400,60.00,12736.99,FUTCOM
30-May-17,1736,43.40,9199.99,FUTCOM
31-May-17,1884,47.10,9932.93,FUTCOM
01-Jun-17,1873,46.83,9893.33,FUTCOM
02-Jun-17,2898,72.45,15211.30,FUTCOM
05-Jun-17,2381,59.53,12392.30,FUTCOM
06-Jun-17,2652,66.30,13735.62,FUTCOM
07-Jun-17,1620,40.50,8396.70,FUTCOM
08-Jun-17,1457,36.43,7550.43,FUTCOM
09-Jun-17,2175,54.38,11320.59,FUTCOM
12-Jun-17,3436,85.90,17719.52,FUTCOM
13-Jun-17,4194,104.85,21446.36,FUTCOM
14-Jun-17,3437,85.93,17502.02,FUTCOM
15-Jun-17,3937,98.43,19869.38,FUTCOM
16-Jun-17,4422,110.55,22234.97,FUTCOM
19-Jun-17,2681,67.03,13644.78,FUTCOM
20-Jun-17,3083,77.08,15475.51,FUTCOM
21-Jun-17,1865,46.63,9378.92,FUTCOM
22-Jun-17,3506,87.65,17383.06,FUTCOM
23-Jun-17,2758,68.95,13600.59,FUTCOM
26-Jun-17,731,18.28,3596.05,FUTCOM
27-Jun-17,2683,67.08,13186.27,FUTCOM
28-Jun-17,2383,59.58,11844.38,FUTCOM
29-Jun-17,1919,47.98,9587.10,FUTCOM
30-Jun-17,1215,30.38,6062.82,FUTCOM
03-Jul-17,1308,32.70,6524.11,FUTCOM
04-Jul-17,1654,41.35,8192.96,FUTCOM
05-Jul-17,898,22.45,4446.75,FUTCOM
06-Jul-17,2241,56.03,11251.50,FUTCOM
07-Jul-17,2301,57.53,11742.90,FUTCOM
10-Jul-17,1346,33.65,6811.77,FUTCOM
11-Jul-17,1605,40.13,8101.03,FUTCOM
12-Jul-17,1109,27.73,5625.70,FUTCOM
13-Jul-17,1853,46.33,9276.34,FUTCOM
14-Jul-17,1742,43.55,8607.11,FUTCOM
17-Jul-17,1328,33.20,6499.82,FUTCOM
18-Jul-17,1861,46.53,9189.86,FUTCOM
19-Jul-17,1426,35.65,6956.49,FUTCOM
20-Jul-17,1538,38.45,7475.09,FUTCOM
21-Jul-17,3670,91.75,17537.43,FUTCOM
24-Jul-17,2381,59.53,11321.80,FUTCOM
25-Jul-17,2571,64.28,12597.42,FUTCOM
26-Jul-17,3882,97.05,18795.07,FUTCOM
27-Jul-17,2210,55.25,10600.60,FUTCOM
28-Jul-17,2002,50.05,9636.78,FUTCOM
31-Jul-17,1906,47.65,9366.16,FUTCOM
01-Aug-17,870,21.75,3987.38,FUTCOM
02-Aug-17,1117,27.93,5136.33,FUTCOM
03-Aug-17,817,20.43,3761.94,FUTCOM
04-Aug-17,748,18.70,3444.22,FUTCOM
07-Aug-17,770,19.25,3593.84,FUTCOM
08-Aug-17,849,21.23,3970.38,FUTCOM
09-Aug-17,1700,42.50,8011.62,FUTCOM
10-Aug-17,2272,56.80,10642.11,FUTCOM
11-Aug-17,1722,43.05,7887.83,FUTCOM
14-Aug-17,1061,26.53,4855.88,FUTCOM
16-Aug-17,1848,46.20,8352.15,FUTCOM
17-Aug-17,1127,28.18,5096.80,FUTCOM
18-Aug-17,1115,27.88,5065.62,FUTCOM
21-Aug-17,1205,30.13,5430.66,FUTCOM
22-Aug-17,996,24.90,4540.10,FUTCOM
23-Aug-17,1477,36.93,6785.32,FUTCOM
24-Aug-17,1012,25.30,4653.34,FUTCOM
25-Aug-17,738,18.45,3388.18,FUTCOM
28-Aug-17,1522,38.05,7011.29,FUTCOM
29-Aug-17,1454,36.35,6686.33,FUTCOM
30-Aug-17,1454,36.35,6702.58,FUTCOM
31-Aug-17,1732,43.30,7973.93,FUTCOM
01-Sep-17,1476,36.90,6820.15,FUTCOM
04-Sep-17,942,23.55,4399.84,FUTCOM
05-Sep-17,3585,89.63,16957.01,FUTCOM
06-Sep-17,3497,87.43,16782.15,FUTCOM
07-Sep-17,2161,54.03,10241.55,FUTCOM
08-Sep-17,1801,45.03,8583.87,FUTCOM
11-Sep-17,2756,68.90,12922.64,FUTCOM
12-Sep-17,1900,47.50,8774.15,FUTCOM
13-Sep-17,3838,95.95,17409.06,FUTCOM
14-Sep-17,1838,45.95,8372.31,FUTCOM
15-Sep-17,2630,65.75,12033.06,FUTCOM
18-Sep-17,1843,46.08,8399.72,FUTCOM
19-Sep-17,990,24.75,4524.96,FUTCOM
20-Sep-17,1440,36.00,6532.85,FUTCOM
21-Sep-17,2150,53.75,9748.55,FUTCOM
22-Sep-17,1431,35.78,6501.05,FUTCOM
25-Sep-17,2087,52.18,9507.75,FUTCOM
26-Sep-17,2431,60.78,11153.64,FUTCOM
27-Sep-17,1513,37.83,6961.06,FUTCOM
28-Sep-17,1340,33.50,6165.39,FUTCOM
29-Sep-17,1106,27.65,5093.19,FUTCOM
03-Oct-17,2057,51.43,9400.27,FUTCOM
04-Oct-17,1157,28.93,5327.48,FUTCOM
05-Oct-17,2412,60.30,11138.02,FUTCOM
06-Oct-17,1338,33.45,6158.09,FUTCOM
09-Oct-17,1990,49.75,9245.06,FUTCOM
10-Oct-17,2731,68.28,12835.58,FUTCOM
11-Oct-17,2222,55.55,10424.47,FUTCOM
12-Oct-17,2766,69.15,12900.27,FUTCOM
13-Oct-17,1592,39.80,7348.60,FUTCOM
16-Oct-17,1987,49.68,9133.82,FUTCOM
17-Oct-17,1532,38.30,7014.03,FUTCOM
18-Oct-17,562,14.05,2566.07,FUTCOM
19-Oct-17,628,15.70,2863.04,FUTCOM
20-Oct-17,238,5.95,1080.28,FUTCOM
23-Oct-17,3642,91.05,16856.22,FUTCOM
24-Oct-17,2600,65.00,12063.89,FUTCOM
25-Oct-17,1780,44.50,8264.65,FUTCOM
26-Oct-17,1364,34.10,6296.18,FUTCOM
27-Oct-17,1607,40.18,7429.67,FUTCOM
30-Oct-17,1649,41.23,7543.89,FUTCOM
31-Oct-17,997,24.93,4575.59,FUTCOM
01-Nov-17,760,19.00,3468.44,FUTCOM
02-Nov-17,918,22.95,4181.31,FUTCOM
03-Nov-17,2103,52.58,9623.63,FUTCOM
06-Nov-17,1683,42.08,7681.52,FUTCOM
07-Nov-17,1383,34.58,6308.93,FUTCOM
08-Nov-17,1677,41.93,7633.83,FUTCOM
09-Nov-17,2179,54.48,9922.56,FUTCOM
10-Nov-17,1269,31.73,5785.76,FUTCOM
13-Nov-17,2251,56.28,10306.44,FUTCOM
14-Nov-17,1821,45.53,8366.82,FUTCOM
15-Nov-17,802,20.05,3671.03,FUTCOM
16-Nov-17,1872,46.80,8596.51,FUTCOM
17-Nov-17,1714,42.85,7896.59,FUTCOM
20-Nov-17,2032,50.80,9355.49,FUTCOM
21-Nov-17,2881,72.03,13323.56,FUTCOM
22-Nov-17,2540,63.50,11749.76,FUTCOM
23-Nov-17,2077,51.93,9654.09,FUTCOM
24-Nov-17,2883,72.08,13348.62,FUTCOM
27-Nov-17,1997,49.93,9219.21,FUTCOM
28-Nov-17,1863,46.58,8567.43,FUTCOM
29-Nov-17,2647,66.18,12272.46,FUTCOM
30-Nov-17,3213,80.33,15027.23,FUTCOM
01-Dec-17,1696,42.40,7986.01,FUTCOM
04-Dec-17,7616,190.40,36517.35,FUTCOM
05-Dec-17,3049,76.23,14497.14,FUTCOM
06-Dec-17,2495,62.38,11815.24,FUTCOM
07-Dec-17,2213,55.33,10478.01,FUTCOM
08-Dec-17,4426,110.65,21241.30,FUTCOM
11-Dec-17,3218,80.45,15556.94,FUTCOM
12-Dec-17,3308,82.70,15987.71,FUTCOM
13-Dec-17,3703,92.58,17998.46,FUTCOM
14-Dec-17,3314,82.85,16214.97,FUTCOM
15-Dec-17,5289,132.23,26110.80,FUTCOM
18-Dec-17,6076,151.90,29994.69,FUTCOM
19-Dec-17,5057,126.43,24805.83,FUTCOM
20-Dec-17,3657,91.43,17998.57,FUTCOM
21-Dec-17,7227,180.68,35959.36,FUTCOM
22-Dec-17,7856,196.40,39625.79,FUTCOM
26-Dec-17,7065,176.63,35868.25,FUTCOM
27-Dec-17,5940,148.50,30040.03,FUTCOM
28-Dec-17,5553,138.83,28424.77,FUTCOM
29-Dec-17,5111,127.78,25972.66,FUTCOM
01-Jan-18,1885,47.13,9519.54,FUTCOM
02-Jan-18,4108,102.70,20736.10,FUTCOM
03-Jan-18,3532,88.30,17727.79,FUTCOM
04-Jan-18,3773,94.33,19155.85,FUTCOM
05-Jan-18,4898,122.45,24987.35,FUTCOM
08-Jan-18,3951,98.78,20052.26,FUTCOM
09-Jan-18,3626,90.65,18306.37,FUTCOM
10-Jan-18,3748,93.70,19043.69,FUTCOM
11-Jan-18,9742,243.55,50251.10,FUTCOM
12-Jan-18,12550,313.75,66047.15,FUTCOM
15-Jan-18,2945,73.63,15272.85,FUTCOM
16-Jan-18,5971,149.28,30934.92,FUTCOM
17-Jan-18,3020,75.50,15688.07,FUTCOM
18-Jan-18,7218,180.45,37905.55,FUTCOM
19-Jan-18,6357,158.93,33381.04,FUTCOM
22-Jan-18,5405,135.13,28435.25,FUTCOM
23-Jan-18,4668,116.70,24340.91,FUTCOM
24-Jan-18,9083,227.08,46668.46,FUTCOM
25-Jan-18,7957,198.93,40931.21,FUTCOM
29-Jan-18,7161,179.03,36256.49,FUTCOM
30-Jan-18,7255,181.38,36601.61,FUTCOM
31-Jan-18,6153,153.83,30861.27,FUTCOM
01-Feb-18,4474,111.85,22637.40,FUTCOM
02-Feb-18,4913,122.83,24986.43,FUTCOM
05-Feb-18,2462,61.55,12360.84,FUTCOM
06-Feb-18,3669,91.73,18258.33,FUTCOM
07-Feb-18,2503,62.58,12504.06,FUTCOM
08-Feb-18,4605,115.13,23221.79,FUTCOM
09-Feb-18,4461,111.53,22546.72,FUTCOM
12-Feb-18,3003,75.08,15076.29,FUTCOM
13-Feb-18,843,21.08,4218.96,FUTCOM
14-Feb-18,4088,102.20,20307.70,FUTCOM
15-Feb-18,4540,113.50,22509.57,FUTCOM
16-Feb-18,4398,109.95,21601.55,FUTCOM
19-Feb-18,5941,148.53,29171.46,FUTCOM
20-Feb-18,7553,188.83,37384.99,FUTCOM
21-Feb-18,8676,216.90,43850.26,FUTCOM
22-Feb-18,7209,180.23,36542.35,FUTCOM
23-Feb-18,6053,151.33,30512.58,FUTCOM
26-Feb-18,6497,162.43,33263.82,FUTCOM
27-Feb-18,4799,119.98,24510.51,FUTCOM
28-Feb-18,5120,128.00,26305.85,FUTCOM
01-Mar-18,3985,99.63,20639.99,FUTCOM
02-Mar-18,681,17.03,3520.90,FUTCOM
05-Mar-18,3435,85.88,17888.79,FUTCOM
06-Mar-18,6263,156.58,33056.27,FUTCOM
07-Mar-18,4489,112.23,23321.46,FUTCOM
08-Mar-18,3435,85.88,17989.72,FUTCOM
09-Mar-18,2748,68.70,14425.30,FUTCOM
12-Mar-18,2903,72.58,15104.02,FUTCOM
13-Mar-18,3067,76.68,15894.30,FUTCOM
14-Mar-18,5103,127.58,26392.83,FUTCOM
15-Mar-18,3769,94.23,19444.81,FUTCOM
16-Mar-18,3991,99.78,20482.95,FUTCOM
19-Mar-18,5779,144.48,29272.51,FUTCOM
20-Mar-18,5534,138.35,27858.26,FUTCOM
21-Mar-18,4660,116.50,23813.49,FUTCOM
22-Mar-18,3833,95.83,19543.92,FUTCOM
23-Mar-18,4764,119.10,24158.33,FUTCOM
26-Mar-18,5873,146.83,29694.34,FUTCOM
27-Mar-18,4935,123.38,25189.63,FUTCOM
28-Mar-18,2695,67.38,13777.91,FUTCOM
29-Mar-18,391,9.78,2004.47,FUTCOM
02-Apr-18,2344,58.60,12117.27,FUTCOM
03-Apr-18,1313,32.83,6767.30,FUTCOM
04-Apr-18,5397,134.93,27580.17,FUTCOM
05-Apr-18,2118,52.95,10849.19,FUTCOM
06-Apr-18,2052,51.30,10583.65,FUTCOM
09-Apr-18,1208,30.20,6248.44,FUTCOM
10-Apr-18,2119,52.98,11002.19,FUTCOM
11-Apr-18,2395,59.88,12476.77,FUTCOM
12-Apr-18,3651,91.28,19127.29,FUTCOM
13-Apr-18,2256,56.40,11849.10,FUTCOM
16-Apr-18,3533,88.33,18584.89,FUTCOM
17-Apr-18,2902,72.55,15222.55,FUTCOM
18-Apr-18,4000,100.00,20776.79,FUTCOM
19-Apr-18,1903,47.58,9861.77,FUTCOM
20-Apr-18,3919,97.98,20478.82,FUTCOM
23-Apr-18,4114,102.85,21673.03,FUTCOM
24-Apr-18,4233,105.83,22023.75,FUTCOM
25-Apr-18,6000,150.00,31029.26,FUTCOM
26-Apr-18,3128,78.20,16260.14,FUTCOM
27-Apr-18,1470,36.75,7639.80,FUTCOM
30-Apr-18,2259,56.48,11685.30,FUTCOM
01-May-18,539,13.48,2806.01,FUTCOM
02-May-18,1826,45.65,9546.97,FUTCOM
03-May-18,1683,42.08,8800.52,FUTCOM
04-May-18,667,16.68,3465.64,FUTCOM
07-May-18,1793,44.83,9419.70,FUTCOM
08-May-18,1323,33.08,6912.11,FUTCOM
09-May-18,737,18.43,3842.83,FUTCOM
10-May-18,1878,46.95,9770.48,FUTCOM
11-May-18,2167,54.18,11273.05,FUTCOM
14-May-18,3039,75.98,15667.48,FUTCOM
15-May-18,2775,69.38,14307.71,FUTCOM
16-May-18,3714,92.85,19394.88,FUTCOM
17-May-18,2323,58.08,12083.06,FUTCOM
18-May-18,6752,168.80,35470.68,FUTCOM
21-May-18,7160,179.00,38103.61,FUTCOM
22-May-18,5352,133.80,28385.67,FUTCOM
23-May-18,3051,76.28,16091.97,FUTCOM
24-May-18,3028,75.70,16049.72,FUTCOM
25-May-18,5872,146.80,31445.05,FUTCOM
28-May-18,4094,102.35,22015.63,FUTCOM
29-May-18,5872,146.80,32707.35,FUTCOM
30-May-18,7220,180.50,40182.75,FUTCOM
31-May-18,3322,83.05,18402.98,FUTCOM
01-Jun-18,4912,122.80,27601.22,FUTCOM
04-Jun-18,3100,77.50,17549.44,FUTCOM
05-Jun-18,3462,86.55,19323.08,FUTCOM
06-Jun-18,3493,87.33,19558.57,FUTCOM
07-Jun-18,2848,71.20,16142.02,FUTCOM
08-Jun-18,5250,131.25,30452.06,FUTCOM
11-Jun-18,4429,110.73,25712.65,FUTCOM
12-Jun-18,3021,75.53,17515.38,FUTCOM
13-Jun-18,4097,102.43,23831.78,FUTCOM
14-Jun-18,6560,164.00,38208.61,FUTCOM
15-Jun-18,3673,91.83,21307.42,FUTCOM
18-Jun-18,5680,142.00,32321.78,FUTCOM
19-Jun-18,6310,157.75,35110.58,FUTCOM
20-Jun-18,5051,126.28,28215.47,FUTCOM
21-Jun-18,4795,119.88,26580.86,FUTCOM
22-Jun-18,3734,93.35,20727.12,FUTCOM
25-Jun-18,5243,131.08,29355.07,FUTCOM
26-Jun-18,3018,75.45,16741.67,FUTCOM
27-Jun-18,2219,55.48,12306.60,FUTCOM
28-Jun-18,2000,50.00,11098.64,FUTCOM
29-Jun-18,2888,72.20,16042.26,FUTCOM
02-Jul-18,1778,44.45,9984.76,FUTCOM
03-Jul-18,1325,33.13,7396.83,FUTCOM
04-Jul-18,1794,44.85,10079.65,FUTCOM
05-Jul-18,2592,64.80,14606.43,FUTCOM
06-Jul-18,1582,39.55,8922.86,FUTCOM
09-Jul-18,3028,75.70,17288.04,FUTCOM
10-Jul-18,2298,57.45,13132.63,FUTCOM
11-Jul-18,2063,51.58,11759.91,FUTCOM
12-Jul-18,2873,71.83,16502.42,FUTCOM
13-Jul-18,2087,52.18,12079.21,FUTCOM
16-Jul-18,1736,43.40,9991.90,FUTCOM
17-Jul-18,2880,72.00,16453.59,FUTCOM
18-Jul-18,2011,50.28,11594.30,FUTCOM
19-Jul-18,2399,59.98,13782.95,FUTCOM
20-Jul-18,2746,68.65,15634.25,FUTCOM
23-Jul-18,2406,60.15,13654.61,FUTCOM
24-Jul-18,2246,56.15,12699.08,FUTCOM
25-Jul-18,2890,72.25,16564.28,FUTCOM
26-Jul-18,1656,41.40,9492.50,FUTCOM
27-Jul-18,1382,34.55,7921.14,FUTCOM
30-Jul-18,2736,68.40,15869.82,FUTCOM
31-Jul-18,3243,81.08,19161.45,FUTCOM
01-Aug-18,1391,34.78,8319.96,FUTCOM
02-Aug-18,1495,37.38,8906.49,FUTCOM
03-Aug-18,1962,49.05,11679.64,FUTCOM
06-Aug-18,1416,35.40,8421.94,FUTCOM
07-Aug-18,1514,37.85,9056.32,FUTCOM
08-Aug-18,846,21.15,5044.37,FUTCOM
09-Aug-18,1041,26.03,6186.41,FUTCOM
10-Aug-18,2058,51.45,12342.61,FUTCOM
13-Aug-18,2688,67.20,15965.19,FUTCOM
14-Aug-18,2280,57.00,13418.81,FUTCOM
16-Aug-18,2942,73.55,17149.02,FUTCOM
17-Aug-18,2181,54.53,12643.59,FUTCOM
20-Aug-18,1729,43.23,10056.70,FUTCOM
21-Aug-18,1569,39.23,9149.25,FUTCOM
22-Aug-18,569,14.23,3306.86,FUTCOM
23-Aug-18,1251,31.28,7210.04,FUTCOM
24-Aug-18,2010,50.25,11596.28,FUTCOM
27-Aug-18,2767,69.18,15828.73,FUTCOM
28-Aug-18,2251,56.28,12912.87,FUTCOM
29-Aug-18,2231,55.78,12813.91,FUTCOM
30-Aug-18,2653,66.33,15097.83,FUTCOM
31-Aug-18,1347,33.68,7633.84,FUTCOM
03-Sep-18,1588,39.70,8955.60,FUTCOM
04-Sep-18,2203,55.08,12459.93,FUTCOM
05-Sep-18,2515,62.88,14271.39,FUTCOM
06-Sep-18,853,21.33,4848.70,FUTCOM
07-Sep-18,2374,59.35,13486.16,FUTCOM
10-Sep-18,2852,71.30,16354.23,FUTCOM
11-Sep-18,3273,81.83,18844.42,FUTCOM
12-Sep-18,813,20.33,4670.71,FUTCOM
13-Sep-18,1277,31.93,7269.71,FUTCOM
14-Sep-18,2088,52.20,11824.92,FUTCOM
17-Sep-18,3360,84.00,18973.65,FUTCOM
18-Sep-18,3058,76.45,17222.03,FUTCOM
19-Sep-18,2932,73.30,16416.59,FUTCOM
20-Sep-18,1145,28.63,6381.91,FUTCOM
21-Sep-18,1941,48.53,10806.39,FUTCOM
24-Sep-18,1431,35.78,7996.91,FUTCOM
25-Sep-18,1739,43.48,9676.28,FUTCOM
26-Sep-18,1694,42.35,9448.05,FUTCOM
27-Sep-18,1860,46.50,10285.77,FUTCOM
28-Sep-18,1823,45.58,9994.03,FUTCOM
01-Oct-18,2311,57.78,12624.82,FUTCOM
03-Oct-18,2377,59.43,13111.05,FUTCOM
04-Oct-18,1711,42.78,9441.93,FUTCOM
05-Oct-18,1600,40.00,8851.54,FUTCOM
08-Oct-18,2205,55.13,12297.69,FUTCOM
09-Oct-18,2482,62.05,13919.02,FUTCOM
10-Oct-18,1381,34.53,7718.76,FUTCOM
11-Oct-18,1152,28.80,6441.77,FUTCOM
12-Oct-18,4387,109.68,24828.21,FUTCOM
15-Oct-18,3554,88.85,20407.87,FUTCOM
16-Oct-18,2260,56.50,12884.06,FUTCOM
17-Oct-18,2660,66.50,15034.86,FUTCOM
18-Oct-18,933,23.33,5253.89,FUTCOM
19-Oct-18,1891,47.28,10729.59,FUTCOM
22-Oct-18,3390,84.75,19370.02,FUTCOM
23-Oct-18,4434,110.85,25410.81,FUTCOM
24-Oct-18,3453,86.33,19750.00,FUTCOM
25-Oct-18,3767,94.18,21416.33,FUTCOM
26-Oct-18,2851,71.28,16271.14,FUTCOM
29-Oct-18,3480,87.00,19721.67,FUTCOM
30-Oct-18,1713,42.83,9637.47,FUTCOM
31-Oct-18,2328,58.20,13036.10,FUTCOM
01-Nov-18,3535,88.38,19795.40,FUTCOM
02-Nov-18,3003,75.08,16945.56,FUTCOM
05-Nov-18,2271,56.78,12722.51,FUTCOM
06-Nov-18,2358,58.95,13209.37,FUTCOM
07-Nov-18,904,22.60,5054.69,FUTCOM
08-Nov-18,556,13.90,3123.41,FUTCOM
09-Nov-18,2622,65.55,14747.45,FUTCOM
12-Nov-18,3706,92.65,20858.24,FUTCOM
13-Nov-18,2324,58.10,13054.97,FUTCOM
14-Nov-18,3011,75.28,16892.45,FUTCOM
15-Nov-18,2223,55.58,12499.36,FUTCOM
16-Nov-18,3011,75.28,16909.39,FUTCOM
19-Nov-18,4423,110.58,24604.64,FUTCOM
20-Nov-18,4323,108.08,23766.22,FUTCOM
21-Nov-18,2470,61.75,13508.27,FUTCOM
22-Nov-18,1482,37.05,8124.87,FUTCOM
23-Nov-18,1145,28.63,6238.10,FUTCOM
26-Nov-18,4491,112.28,24277.75,FUTCOM
27-Nov-18,3945,98.63,21455.29,FUTCOM
28-Nov-18,2209,55.23,11983.11,FUTCOM
29-Nov-18,2541,63.53,13776.24,FUTCOM
30-Nov-18,1899,47.48,10248.40,FUTCOM
03-Dec-18,5137,128.43,28227.78,FUTCOM
04-Dec-18,2736,68.40,15017.42,FUTCOM
05-Dec-18,1917,47.93,10536.83,FUTCOM
06-Dec-18,3005,75.13,16511.28,FUTCOM
07-Dec-18,1970,49.25,10819.76,FUTCOM
10-Dec-18,4021,100.53,22315.22,FUTCOM
11-Dec-18,2809,70.23,15643.70,FUTCOM
12-Dec-18,2375,59.38,13187.66,FUTCOM
13-Dec-18,3726,93.15,20545.39,FUTCOM
14-Dec-18,3461,86.53,19022.57,FUTCOM
17-Dec-18,5048,126.20,27749.39,FUTCOM
18-Dec-18,4889,122.23,26593.63,FUTCOM
19-Dec-18,2392,59.80,12979.38,FUTCOM
20-Dec-18,6142,153.55,33113.28,FUTCOM
21-Dec-18,9131,228.28,48353.50,FUTCOM
24-Dec-18,9048,226.20,47149.15,FUTCOM
26-Dec-18,6010,150.25,31337.16,FUTCOM
27-Dec-18,4359,108.98,22959.01,FUTCOM
28-Dec-18,3477,86.93,18210.18,FUTCOM
31-Dec-18,3353,83.83,17721.25,FUTCOM
01-Jan-19,1065,26.63,5638.64,FUTCOM
02-Jan-19,2619,65.48,13825.48,FUTCOM
03-Jan-19,2515,62.88,13237.62,FUTCOM
04-Jan-19,1535,38.38,8115.95,FUTCOM
07-Jan-19,3117,77.93,16533.24,FUTCOM
08-Jan-19,2093,52.33,10983.89,FUTCOM
09-Jan-19,3714,92.85,19447.96,FUTCOM
10-Jan-19,2390,59.75,12520.73,FUTCOM
11-Jan-19,2011,50.28,10475.47,FUTCOM
14-Jan-19,3316,82.90,17165.60,FUTCOM
15-Jan-19,2235,55.88,11678.13,FUTCOM
16-Jan-19,2640,66.00,13855.05,FUTCOM
17-Jan-19,3685,92.13,19448.72,FUTCOM
18-Jan-19,3949,98.73,20823.91,FUTCOM
21-Jan-19,4178,104.45,22025.71,FUTCOM
22-Jan-19,4319,107.98,22735.43,FUTCOM
23-Jan-19,5388,134.70,28159.66,FUTCOM
24-Jan-19,6319,157.98,32968.75,FUTCOM
25-Jan-19,4743,118.58,24691.47,FUTCOM
28-Jan-19,3231,80.78,16814.34,FUTCOM
29-Jan-19,3324,83.10,17320.44,FUTCOM
30-Jan-19,3716,92.90,19457.24,FUTCOM
31-Jan-19,3706,92.65,19369.46,FUTCOM
01-Feb-19,1267,31.68,6633.24,FUTCOM
04-Feb-19,3381,84.53,17553.50,FUTCOM
05-Feb-19,1860,46.50,9616.63,FUTCOM
06-Feb-19,3294,82.35,17071.66,FUTCOM
07-Feb-19,1384,34.60,7185.52,FUTCOM
08-Feb-19,1948,48.70,10068.01,FUTCOM
11-Feb-19,3525,88.13,18270.73,FUTCOM
12-Feb-19,4291,107.28,21913.34,FUTCOM
13-Feb-19,4848,121.20,24584.01,FUTCOM
14-Feb-19,4474,111.85,22778.91,FUTCOM
15-Feb-19,3247,81.18,16509.94,FUTCOM
18-Feb-19,3742,93.55,18915.85,FUTCOM
19-Feb-19,5040,126.00,25546.03,FUTCOM
20-Feb-19,5418,135.45,27512.70,FUTCOM
21-Feb-19,6652,166.30,33733.10,FUTCOM
22-Feb-19,14828,370.70,76384.73,FUTCOM
25-Feb-19,6126,153.15,31419.05,FUTCOM
26-Feb-19,4148,103.70,21263.14,FUTCOM
27-Feb-19,3714,92.85,18973.74,FUTCOM
28-Feb-19,3812,95.30,19439.47,FUTCOM
01-Mar-19,3187,79.68,16438.62,FUTCOM
04-Mar-19,2532,63.30,13219.87,FUTCOM
05-Mar-19,3065,76.63,15987.37,FUTCOM
06-Mar-19,4347,108.68,22864.37,FUTCOM
07-Mar-19,5028,125.70,26468.89,FUTCOM
08-Mar-19,4266,106.65,22285.86,FUTCOM
11-Mar-19,9578,239.45,50438.66,FUTCOM
12-Mar-19,6727,168.18,35293.05,FUTCOM
13-Mar-19,7372,184.30,39228.45,FUTCOM
14-Mar-19,7820,195.50,41498.44,FUTCOM
15-Mar-19,3102,77.55,16481.99,FUTCOM
18-Mar-19,11171,279.28,60202.97,FUTCOM
19-Mar-19,7781,194.53,41722.82,FUTCOM
20-Mar-19,3697,92.43,19767.76,FUTCOM
21-Mar-19,819,20.48,4405.74,FUTCOM
22-Mar-19,6852,171.30,37033.71,FUTCOM
25-Mar-19,11639,290.98,62726.09,FUTCOM
26-Mar-19,7105,177.63,38380.56,FUTCOM
27-Mar-19,4409,110.23,23767.16,FUTCOM
28-Mar-19,6504,162.60,34864.58,FUTCOM
29-Mar-19,5156,128.90,27485.48,FUTCOM
01-Apr-19,4583,114.58,24930.29,FUTCOM
02-Apr-19,5392,134.80,29445.35,FUTCOM
03-Apr-19,5670,141.75,31192.35,FUTCOM
04-Apr-19,5645,141.13,31245.21,FUTCOM
05-Apr-19,8206,205.15,45885.68,FUTCOM
08-Apr-19,8721,218.03,48900.13,FUTCOM
09-Apr-19,6812,170.30,38070.02,FUTCOM
10-Apr-19,6829,170.73,37921.87,FUTCOM
11-Apr-19,6552,163.80,36203.67,FUTCOM
12-Apr-19,7906,197.65,44078.33,FUTCOM
15-Apr-19,8692,217.30,48731.27,FUTCOM
16-Apr-19,5798,144.95,32355.32,FUTCOM
17-Apr-19,2682,67.05,15065.98,FUTCOM
18-Apr-19,6381,159.53,35761.33,FUTCOM
22-Apr-19,10045,251.13,56106.60,FUTCOM
23-Apr-19,11528,288.20,64179.53,FUTCOM
24-Apr-19,8185,204.63,45467.24,FUTCOM
25-Apr-19,6504,162.60,36253.27,FUTCOM
26-Apr-19,5946,148.65,33329.24,FUTCOM
30-Apr-19,7722,193.05,43399.65,FUTCOM
01-May-19,2785,69.63,15653.91,FUTCOM
02-May-19,4626,115.65,25971.00,FUTCOM
03-May-19,4338,108.45,24241.51,FUTCOM
06-May-19,7218,180.45,39876.50,FUTCOM
07-May-19,5328,133.20,29446.39,FUTCOM
08-May-19,6872,171.80,37782.52,FUTCOM
09-May-19,6765,169.13,36900.63,FUTCOM
10-May-19,5524,138.10,30006.17,FUTCOM
13-May-19,7441,186.03,39555.61,FUTCOM
14-May-19,15403,385.08,79266.75,FUTCOM
15-May-19,6915,172.88,36364.81,FUTCOM
16-May-19,6567,164.18,34858.99,FUTCOM
17-May-19,5757,143.93,30668.26,FUTCOM
20-May-19,4839,120.98,25812.31,FUTCOM
21-May-19,7778,194.45,41940.06,FUTCOM
22-May-19,6777,169.43,36168.31,FUTCOM
23-May-19,4098,102.45,21917.96,FUTCOM
24-May-19,6072,151.80,32745.14,FUTCOM
27-May-19,12269,306.73,67235.02,FUTCOM
28-May-19,8072,201.80,44725.98,FUTCOM
29-May-19,5932,148.30,32701.53,FUTCOM
30-May-19,5999,149.98,32957.52,FUTCOM
31-May-19,5434,135.85,29882.57,FUTCOM
03-Jun-19,4109,102.73,22428.38,FUTCOM
04-Jun-19,2862,71.55,15732.61,FUTCOM
05-Jun-19,1393,34.83,7672.31,FUTCOM
06-Jun-19,3936,98.40,21407.30,FUTCOM
07-Jun-19,3733,93.33,20106.65,FUTCOM
10-Jun-19,3866,96.65,20601.07,FUTCOM
11-Jun-19,4957,123.93,26394.70,FUTCOM
12-Jun-19,3932,98.30,21003.79,FUTCOM
13-Jun-19,3867,96.68,20790.04,FUTCOM
14-Jun-19,3312,82.80,17833.49,FUTCOM
17-Jun-19,3583,89.58,19406.14,FUTCOM
18-Jun-19,7062,176.55,38447.51,FUTCOM
19-Jun-19,3644,91.10,19976.39,FUTCOM
20-Jun-19,7814,195.35,42881.28,FUTCOM
21-Jun-19,2977,74.43,16234.80,FUTCOM
24-Jun-19,2573,64.33,14000.52,FUTCOM
25-Jun-19,3104,77.60,16815.76,FUTCOM
26-Jun-19,4111,102.78,22351.57,FUTCOM
27-Jun-19,3859,96.48,21054.22,FUTCOM
28-Jun-19,3407,85.18,18643.08,FUTCOM
01-Jul-19,3153,78.83,17089.31,FUTCOM
02-Jul-19,2033,50.83,10885.93,FUTCOM
03-Jul-19,1250,31.25,6673.70,FUTCOM
04-Jul-19,1271,31.78,6810.89,FUTCOM
05-Jul-19,1989,49.73,10574.43,FUTCOM
08-Jul-19,2157,53.93,11378.36,FUTCOM
09-Jul-19,2854,71.35,14900.38,FUTCOM
10-Jul-19,1727,43.18,9058.31,FUTCOM
11-Jul-19,1599,39.98,8390.08,FUTCOM
12-Jul-19,965,24.13,5048.77,FUTCOM
15-Jul-19,1386,34.65,7310.95,FUTCOM
16-Jul-19,2643,66.08,14065.50,FUTCOM
17-Jul-19,3265,81.63,17452.48,FUTCOM
18-Jul-19,6731,168.28,35995.45,FUTCOM
19-Jul-19,2695,67.38,14254.79,FUTCOM
22-Jul-19,3229,80.73,17089.96,FUTCOM
23-Jul-19,2454,61.35,12971.02,FUTCOM
24-Jul-19,3633,90.83,19257.12,FUTCOM
25-Jul-19,3933,98.33,20812.03,FUTCOM
26-Jul-19,2454,61.35,12953.09,FUTCOM
29-Jul-19,1917,47.93,9981.99,FUTCOM
30-Jul-19,2642,66.05,13651.61,FUTCOM
31-Jul-19,2289,57.23,11793.71,FUTCOM
01-Aug-19,1195,29.88,6138.85,FUTCOM
02-Aug-19,2275,56.88,11463.33,FUTCOM
05-Aug-19,3498,87.45,17150.51,FUTCOM
06-Aug-19,2031,50.78,10062.02,FUTCOM
07-Aug-19,2693,67.33,13422.88,FUTCOM
08-Aug-19,2187,54.68,10991.14,FUTCOM
09-Aug-19,965,24.13,4863.95,FUTCOM
12-Aug-19,435,10.88,2200.43,FUTCOM
13-Aug-19,1639,40.98,8313.45,FUTCOM
14-Aug-19,1067,26.68,5457.35,FUTCOM
16-Aug-19,939,23.48,4802.10,FUTCOM
19-Aug-19,1515,37.88,7747.66,FUTCOM
20-Aug-19,1136,28.40,5814.26,FUTCOM
21-Aug-19,984,24.60,5039.51,FUTCOM
22-Aug-19,1306,32.65,6829.04,FUTCOM
23-Aug-19,2047,51.18,10524.74,FUTCOM
26-Aug-19,2411,60.28,12261.11,FUTCOM
27-Aug-19,1478,36.95,7515.48,FUTCOM
28-Aug-19,1834,45.85,9380.81,FUTCOM
29-Aug-19,2343,58.58,11948.52,FUTCOM
30-Aug-19,2876,71.90,14835.68,FUTCOM
02-Sep-19,87,2.18,425.51,FUTCOM
03-Sep-19,1290,32.25,6259.92,FUTCOM
04-Sep-19,833,20.83,4033.25,FUTCOM
05-Sep-19,673,16.83,3262.76,FUTCOM
06-Sep-19,662,16.55,3210.39,FUTCOM
09-Sep-19,568,14.20,2749.32,FUTCOM
10-Sep-19,627,15.68,3050.51,FUTCOM
11-Sep-19,795,19.88,3859.11,FUTCOM
12-Sep-19,1627,40.68,7978.28,FUTCOM
13-Sep-19,1295,32.38,6403.61,FUTCOM
16-Sep-19,977,24.43,4826.29,FUTCOM
17-Sep-19,1875,46.88,9190.04,FUTCOM
18-Sep-19,1006,25.15,4921.64,FUTCOM
19-Sep-19,673,16.83,3307.64,FUTCOM
20-Sep-19,693,17.33,3413.88,FUTCOM
23-Sep-19,1337,33.43,6511.24,FUTCOM
24-Sep-19,1484,37.10,7211.95,FUTCOM
25-Sep-19,1264,31.60,6154.96,FUTCOM
26-Sep-19,786,19.65,3840.28,FUTCOM
27-Sep-19,1580,39.50,7768.71,FUTCOM
30-Sep-19,2760,69.00,13677.84,FUTCOM
01-Oct-19,1392,34.80,6754.38,FUTCOM
03-Oct-19,1322,33.05,6458.36,FUTCOM
04-Oct-19,1097,27.43,5342.67,FUTCOM
07-Oct-19,632,15.80,3082.72,FUTCOM
08-Oct-19,328,8.20,1590.61,FUTCOM
09-Oct-19,1254,31.35,6054.09,FUTCOM
10-Oct-19,540,13.50,2615.49,FUTCOM
11-Oct-19,988,24.70,4806.00,FUTCOM
14-Oct-19,1520,38.00,7380.36,FUTCOM
15-Oct-19,1470,36.75,7156.56,FUTCOM
16-Oct-19,1007,25.18,4888.84,FUTCOM
17-Oct-19,844,21.10,4100.05,FUTCOM
18-Oct-19,710,17.75,3450.82,FUTCOM
21-Oct-19,251,6.28,1217.72,FUTCOM
22-Oct-19,1689,42.23,8132.27,FUTCOM
23-Oct-19,610,15.25,2950.60,FUTCOM
24-Oct-19,832,20.80,4033.36,FUTCOM
25-Oct-19,1061,26.53,5125.99,FUTCOM
27-Oct-19,342,8.55,1651.29,FUTCOM
28-Oct-19,251,6.28,1212.30,FUTCOM
29-Oct-19,703,17.58,3410.21,FUTCOM
30-Oct-19,668,16.70,3241.12,FUTCOM
31-Oct-19,1675,41.88,8142.38,FUTCOM
01-Nov-19,986,24.65,4780.25,FUTCOM
04-Nov-19,1368,34.20,6670.22,FUTCOM
05-Nov-19,886,22.15,4295.78,FUTCOM
06-Nov-19,1257,31.43,6075.25,FUTCOM
07-Nov-19,1374,34.35,6645.28,FUTCOM
08-Nov-19,1093,27.33,5260.00,FUTCOM
11-Nov-19,2233,55.83,10639.11,FUTCOM
12-Nov-19,304,7.60,1443.88,FUTCOM
13-Nov-19,1380,34.50,6586.86,FUTCOM
14-Nov-19,1458,36.45,6965.95,FUTCOM
15-Nov-19,1074,26.85,5162.54,FUTCOM
18-Nov-19,972,24.30,4664.13,FUTCOM
19-Nov-19,1051,26.28,5033.22,FUTCOM
20-Nov-19,920,23.00,4412.28,FUTCOM
21-Nov-19,1242,31.05,5937.69,FUTCOM
22-Nov-19,1373,34.33,6557.81,FUTCOM
25-Nov-19,1236,30.90,5915.51,FUTCOM
26-Nov-19,1464,36.60,7054.28,FUTCOM
27-Nov-19,841,21.03,4055.34,FUTCOM
28-Nov-19,588,14.70,2823.55,FUTCOM
29-Nov-19,791,19.78,3791.68,FUTCOM
02-Dec-19,801,20.03,3835.30,FUTCOM
03-Dec-19,584,14.60,2785.44,FUTCOM
04-Dec-19,1002,25.05,4775.99,FUTCOM
05-Dec-19,696,17.40,3322.55,FUTCOM
06-Dec-19,819,20.48,3911.43,FUTCOM
09-Dec-19,877,21.93,4222.54,FUTCOM
10-Dec-19,539,13.48,2583.75,FUTCOM
11-Dec-19,691,17.28,3297.00,FUTCOM
12-Dec-19,764,19.10,3659.42,FUTCOM
13-Dec-19,1681,42.03,8099.47,FUTCOM
16-Dec-19,1016,25.40,4906.78,FUTCOM
17-Dec-19,1056,26.40,5075.63,FUTCOM
18-Dec-19,1080,27.00,5172.84,FUTCOM
19-Dec-19,1602,40.05,7697.29,FUTCOM
20-Dec-19,1666,41.65,8034.59,FUTCOM
23-Dec-19,2344,58.60,11327.48,FUTCOM
24-Dec-19,3146,78.65,15105.61,FUTCOM
26-Dec-19,1896,47.40,9176.39,FUTCOM
27-Dec-19,1275,31.88,6205.46,FUTCOM
30-Dec-19,1415,35.38,6917.08,FUTCOM
31-Dec-19,1748,43.70,8538.61,FUTCOM
01-Jan-20,833,20.83,4090.94,FUTCOM
02-Jan-20,1597,39.93,7858.82,FUTCOM
03-Jan-20,2142,53.55,10531.11,FUTCOM
06-Jan-20,1475,36.88,7286.32,FUTCOM
07-Jan-20,1716,42.90,8508.54,FUTCOM
08-Jan-20,1774,44.35,8794.09,FUTCOM
09-Jan-20,1370,34.25,6811.22,FUTCOM
10-Jan-20,4297,107.43,21599.59,FUTCOM
13-Jan-20,2432,60.80,12254.16,FUTCOM
14-Jan-20,1646,41.15,8239.43,FUTCOM
15-Jan-20,2372,59.30,11825.42,FUTCOM
16-Jan-20,2357,58.93,11675.43,FUTCOM
17-Jan-20,2820,70.50,14042.36,FUTCOM
20-Jan-20,1955,48.88,9716.32,FUTCOM
21-Jan-20,1562,39.05,7715.20,FUTCOM
22-Jan-20,4284,107.10,21143.96,FUTCOM
23-Jan-20,3296,82.40,16276.00,FUTCOM
24-Jan-20,4136,103.40,20293.56,FUTCOM
27-Jan-20,5216,130.40,25186.94,FUTCOM
28-Jan-20,1178,29.45,5743.09,FUTCOM
29-Jan-20,2050,51.25,10080.95,FUTCOM
30-Jan-20,1050,26.25,5123.56,FUTCOM
31-Jan-20,1507,37.68,7318.66,FUTCOM
01-Feb-20,309,7.73,1498.95,FUTCOM
03-Feb-20,3001,75.03,14343.89,FUTCOM
04-Feb-20,1785,44.63,8631.61,FUTCOM
05-Feb-20,1458,36.45,7085.19,FUTCOM
06-Feb-20,914,22.85,4450.98,FUTCOM
07-Feb-20,2122,53.05,10229.26,FUTCOM
10-Feb-20,1566,39.15,7481.59,FUTCOM
11-Feb-20,773,19.33,3708.49,FUTCOM
12-Feb-20,1413,35.33,6780.94,FUTCOM
13-Feb-20,1285,32.13,6181.43,FUTCOM
14-Feb-20,1420,35.50,6808.87,FUTCOM
17-Feb-20,1682,42.05,8134.37,FUTCOM
18-Feb-20,3777,94.43,18285.27,FUTCOM
19-Feb-20,2078,51.95,10020.64,FUTCOM
20-Feb-20,6774,169.35,32682.55,FUTCOM
21-Feb-20,561,14.03,2704.43,FUTCOM
24-Feb-20,6942,173.55,33080.93,FUTCOM
25-Feb-20,1055,26.38,5047.95,FUTCOM
26-Feb-20,2248,56.20,10669.07,FUTCOM
27-Feb-20,2924,73.10,13684.68,FUTCOM
28-Feb-20,5037,125.93,22910.88,FUTCOM
02-Mar-20,2900,72.50,13371.06,FUTCOM
03-Mar-20,2268,56.70,10565.86,FUTCOM
04-Mar-20,1547,38.68,7224.84,FUTCOM
05-Mar-20,2637,65.93,12389.74,FUTCOM
06-Mar-20,1403,35.08,6546.62,FUTCOM
09-Mar-20,1823,45.58,8390.70,FUTCOM
10-Mar-20,594,14.85,2768.29,FUTCOM
11-Mar-20,1389,34.73,6436.27,FUTCOM
12-Mar-20,2617,65.43,11935.26,FUTCOM
13-Mar-20,3417,85.43,15625.02,FUTCOM
16-Mar-20,2086,52.15,9419.76,FUTCOM
17-Mar-20,1983,49.58,9000.84,FUTCOM
18-Mar-20,2292,57.30,10242.76,FUTCOM
19-Mar-20,3860,96.50,16914.10,FUTCOM
20-Mar-20,4008,100.20,17366.29,FUTCOM
23-Mar-20,2148,53.70,8865.12,FUTCOM
24-Mar-20,11575,289.38,46900.57,FUTCOM
25-Mar-20,2361,59.03,9816.48,FUTCOM
26-Mar-20,613,15.33,2539.21,FUTCOM
27-Mar-20,654,16.35,2681.63,FUTCOM
30-Mar-20,595,14.88,2392.20,FUTCOM
31-Mar-20,1041,26.03,4207.03,FUTCOM
01-Apr-20,291,7.28,1179.38,FUTCOM
03-Apr-20,444,11.10,1808.17,FUTCOM
07-Apr-20,424,10.60,1751.09,FUTCOM
08-Apr-20,944,23.60,3946.57,FUTCOM
09-Apr-20,684,17.10,2863.85,FUTCOM
13-Apr-20,588,14.70,2465.94,FUTCOM
15-Apr-20,639,15.98,2629.19,FUTCOM
16-Apr-20,480,12.00,1994.30,FUTCOM
17-Apr-20,682,17.05,2828.29,FUTCOM
20-Apr-20,836,20.90,3431.57,FUTCOM
21-Apr-20,2500,62.50,10101.38,FUTCOM
22-Apr-20,3225,80.63,13002.86,FUTCOM
23-Apr-20,4923,123.08,20323.58,FUTCOM
24-Apr-20,2512,62.80,10328.54,FUTCOM
27-Apr-20,693,17.33,2838.26,FUTCOM
28-Apr-20,928,23.20,3747.93,FUTCOM
29-Apr-20,351,8.78,1423.77,FUTCOM
30-Apr-20,790,19.75,3220.89,FUTCOM
01-May-20,0,0.00,0.00,FUTCOM
04-May-20,1116,27.90,4428.49,FUTCOM
05-May-20,1737,43.43,6699.76,FUTCOM
06-May-20,1243,31.08,4684.90,FUTCOM
07-May-20,1292,32.30,4977.32,FUTCOM
08-May-20,1670,41.75,6544.69,FUTCOM
11-May-20,978,24.45,3844.10,FUTCOM
12-May-20,1039,25.98,4091.97,FUTCOM
13-May-20,1363,34.08,5404.68,FUTCOM
14-May-20,1229,30.73,4840.77,FUTCOM
15-May-20,947,23.68,3759.36,FUTCOM
18-May-20,1058,26.45,4181.08,FUTCOM
19-May-20,981,24.53,3904.70,FUTCOM
20-May-20,1415,35.38,5701.83,FUTCOM
21-May-20,2094,52.35,8337.99,FUTCOM
22-May-20,4849,121.23,19033.74,FUTCOM
25-May-20,0,0.00,0.00,FUTCOM
26-May-20,775,19.38,3064.68,FUTCOM
27-May-20,741,18.53,2937.74,FUTCOM
28-May-20,135,3.38,535.26,FUTCOM
29-May-20,416,10.40,1637.81,FUTCOM
01-Jun-20,685,17.13,2740.30,FUTCOM
02-Jun-20,730,18.25,2969.65,FUTCOM
03-Jun-20,778,19.45,3145.42,FUTCOM
04-Jun-20,537,13.43,2179.19,FUTCOM
05-Jun-20,1144,28.60,4716.41,FUTCOM
08-Jun-20,1099,27.48,4587.40,FUTCOM
09-Jun-20,1101,27.53,4583.35,FUTCOM
10-Jun-20,753,18.83,3128.13,FUTCOM
11-Jun-20,383,9.58,1588.73,FUTCOM
12-Jun-20,968,24.20,3994.87,FUTCOM
15-Jun-20,2307,57.68,9348.41,FUTCOM
16-Jun-20,1761,44.03,7034.22,FUTCOM
17-Jun-20,1242,31.05,4985.58,FUTCOM
18-Jun-20,723,18.08,2921.83,FUTCOM
19-Jun-20,879,21.98,3558.51,FUTCOM
22-Jun-20,1627,40.68,6531.69,FUTCOM
23-Jun-20,2652,66.30,10581.48,FUTCOM
24-Jun-20,2670,66.75,10615.08,FUTCOM
25-Jun-20,1103,27.58,4382.12,FUTCOM
26-Jun-20,826,20.65,3288.19,FUTCOM
29-Jun-20,1431,35.78,5637.95,FUTCOM
30-Jun-20,401,10.03,1582.94,FUTCOM
01-Jul-20,1159,28.98,4634.47,FUTCOM
02-Jul-20,824,20.60,3301.56,FUTCOM
03-Jul-20,554,13.85,2214.62,FUTCOM
06-Jul-20,884,22.10,3550.30,FUTCOM
07-Jul-20,993,24.83,4024.72,FUTCOM
08-Jul-20,351,8.78,1421.10,FUTCOM
09-Jul-20,854,21.35,3469.29,FUTCOM
10-Jul-20,741,18.53,2994.04,FUTCOM
13-Jul-20,1124,28.10,4517.56,FUTCOM
14-Jul-20,784,19.60,3134.09,FUTCOM
15-Jul-20,634,15.85,2553.97,FUTCOM
16-Jul-20,994,24.85,4015.30,FUTCOM
17-Jul-20,778,19.45,3155.94,FUTCOM
20-Jul-20,1122,28.05,4558.37,FUTCOM
21-Jul-20,1754,43.85,7154.38,FUTCOM
22-Jul-20,1059,26.48,4290.42,FUTCOM
23-Jul-20,1064,26.60,4310.24,FUTCOM
24-Jul-20,2753,68.83,11037.30,FUTCOM
27-Jul-20,3068,76.70,12219.41,FUTCOM
28-Jul-20,659,16.48,2645.06,FUTCOM
29-Jul-20,267,6.68,1075.34,FUTCOM
